project,id,mutant,toolASTDifferencing,toolCosine,toolStringDistance,toolVariable,toolSyntax,toolSemantic,s3tool,capgentool,correct
Cli,11,mutant-1,3.0,0.0,0.0,1.0,1.0,1.0,3.0,1.0,FALSE
Cli,11,mutant-10,11.0,0.8093074821508816,5.0,0.0,0.11920529801324503,1.0,16.80930748215088,0.0,FALSE
Cli,11,mutant-11,6.0,0.037049987137064755,1.0,0.6666666666666666,1.0,0.8333333333333334,7.037049987137065,0.5555555555555556,FALSE
Cli,11,mutant-2,3.0,0.0,0.0,1.0,1.0,0.8333333333333334,3.0,0.8333333333333334,FALSE
Cli,11,mutant-3,14.0,0.10075929195046751,4.0,0.5,1.0,0.3137254901960784,18.100759291950467,0.1568627450980392,FALSE
Cli,11,mutant-4,6.0,0.0,0.0,1.0,1.0,0.8333333333333334,6.0,0.8333333333333334,FALSE
Cli,11,mutant-5,6.0,0.0,0.0,1.0,1.0,0.8333333333333334,6.0,0.8333333333333334,FALSE
Cli,11,mutant-6,11.0,0.8093074821508816,5.0,0.0,0.11920529801324503,0.023255813953488372,16.80930748215088,0.0,FALSE
Cli,11,mutant-7,3.0,0.037049987137064755,0.0,1.0,1.0,0.8333333333333334,3.0370499871370646,0.8333333333333334,FALSE
Cli,11,mutant-8,6.0,0.0,0.0,1.0,0.8145695364238411,1.0,6.0,0.8145695364238411,FALSE
Cli,11,mutant-9,3.0,0.0,0.0,1.0,1.0,0.8333333333333334,3.0,0.8333333333333334,FALSE
Cli,13,mutant-1,3.0,0.0,0.0,1.0,0.9459459459459459,0.08,3.0,0.07567567567567568,FALSE
Cli,13,mutant-2,4.0,0.14903705660323685,1.0,0.3333333333333333,0.6481481481481481,0.10714285714285714,5.149037056603237,0.023148148148148147,FALSE
Cli,14,mutant-1,5.0,1.0,3.0,0.0,1.0,1.0,9.0,0.0,FALSE
Cli,14,mutant-2,1.0,0.0,1.0,0.5,1.0,1.0,2.0,0.5,FALSE
Cli,18,mutant-1,1.0,0.0,1.0,0.5,1.0,1.0,2.0,0.5,FALSE
Cli,18,mutant-2,6.0,0.717157287525381,3.0,0.0,0.21153846153846154,0.015384615384615385,9.717157287525382,0.0,FALSE
Cli,18,mutant-3,1.0,0.0,1.0,0.5,1.0,1.0,2.0,0.5,FALSE
Cli,18,mutant-4,1.0,0.0,1.0,0.5,1.0,1.0,2.0,0.5,FALSE
Cli,19,mutant-1,6.0,0.717157287525381,3.0,0.0,0.21153846153846154,0.014925373134328358,9.717157287525382,0.0,FALSE
Cli,19,mutant-2,1.0,0.0,0.0,1.0,1.0,1.0,1.0,1.0,FALSE
Cli,19,mutant-3,2.0,0.5,1.0,0.0,1.0,0.5,3.5,0.0,FALSE
Cli,19,mutant-4,1.0,0.0,1.0,0.5,1.0,1.0,2.0,0.5,FALSE
Cli,19,mutant-5,1.0,0.0,0.0,1.0,1.0,1.0,1.0,1.0,FALSE
Cli,19,mutant-6,4.0,0.3209002498982677,2.0,0.25,0.6730769230769231,0.13636363636363635,6.320900249898267,0.022945804195804196,FALSE
Cli,22,mutant-1,5.0,0.14903705660323685,1.0,0.5,0.6875,0.32142857142857145,6.149037056603237,0.11049107142857144,FALSE
Cli,22,mutant-2,9.0,0.13860263521752014,0.0,1.0,0.8809523809523809,0.5384615384615384,9.13860263521752,0.47435897435897434,FALSE
Cli,22,mutant-3,5.0,0.14903705660323685,1.0,0.5,0.6875,0.32142857142857145,6.149037056603237,0.11049107142857144,FALSE
Cli,22,mutant-4,5.0,0.14903705660323685,1.0,0.5,0.6875,0.32142857142857145,6.149037056603237,0.11049107142857144,FALSE
Cli,22,mutant-5,5.0,0.27593989300006805,6.0,0.2222222222222222,0.6875,0.2857142857142857,11.275939893000068,0.04365079365079364,FALSE
Cli,22,mutant-6,8.0,0.22697931747607425,3.0,0.25,0.1,0.037037037037037035,11.226979317476074,9.25925925925926E-4,FALSE
Cli,22,mutant-7,16.0,0.2120522365000741,0.0,1.0,0.4878048780487805,0.2,16.212052236500075,0.0975609756097561,FALSE
Cli,32,mutant-1,4.0,0.019291777394428666,2.0,0.7692307692307693,0.9132743362831859,0.8944881889763779,6.019291777394429,0.6283946977696543,FALSE
Cli,32,mutant-2,29.0,0.0,0.0,1.0,1.0,0.0,29.0,0.0,TRUE
Cli,32,mutant-3,1.0,0.0,1.0,0.7777777777777778,1.0,1.0,2.0,0.7777777777777778,FALSE
Cli,32,mutant-4,1.0,0.0,0.0,1.0,1.0,1.0,1.0,1.0,FALSE
Cli,32,mutant-5,1.0,0.0,0.0,1.0,1.0,1.0,1.0,1.0,FALSE
Cli,32,mutant-6,1.0,0.0,1.0,0.7777777777777778,1.0,1.0,2.0,0.7777777777777778,FALSE
Cli,32,mutant-7,1.0,0.0,0.0,1.0,1.0,1.0,1.0,1.0,FALSE
Cli,37,mutant-1,4.0,0.09110674085361425,1.0,0.6,0.7816091954022989,0.6285714285714286,5.091106740853614,0.2947783251231527,FALSE
Cli,37,mutant-2,1.0,0.0,1.0,0.6,1.0,1.0,2.0,0.6,FALSE
Cli,37,mutant-3,14.0,0.06318327791597589,3.0,0.75,0.7404580152671756,0.5283018867924528,17.063183277915975,0.29338902491718283,FALSE
Cli,37,mutant-4,20.0,0.07192901177744782,6.0,0.8,0.07475560667050028,0.11377777777777778,26.07192901177745,0.006804421442719316,FALSE
Cli,40,mutant-1,3.0,0.0,0.0,1.0,0.47674418604651164,1.0,3.0,0.47674418604651164,FALSE
Cli,40,mutant-2,4.0,0.6464466094067263,1.0,0.0,1.0,0.14285714285714285,5.646446609406726,0.0,FALSE
Cli,5,mutant-1,7.0,0.0,0.0,1.0,0.3584905660377358,0.3277310924369748,7.0,0.11748850483589661,TRUE
Cli,5,mutant-2,7.0,0.0,0.0,1.0,0.3584905660377358,0.3333333333333333,7.0,0.11949685534591194,TRUE
Cli,7,mutant-1,6.0,0.034493195347382155,1.0,0.6666666666666666,1.0,0.8461538461538461,7.034493195347382,0.5641025641025641,FALSE
Cli,7,mutant-3,3.0,0.034493195347382155,1.0,0.6666666666666666,1.0,0.8461538461538461,4.034493195347382,0.5641025641025641,FALSE
Cli,7,mutant-4,7.0,0.0,0.0,1.0,0.9271523178807947,0.625,7.0,0.5794701986754967,FALSE
Cli,7,mutant-5,7.0,0.0,0.0,1.0,0.9271523178807947,0.6041666666666666,7.0,0.5601545253863134,FALSE
Cli,7,mutant-6,40.0,0.4893640595586597,12.0,0.14285714285714285,0.0,1.0,52.48936405955866,0.0,FALSE
Cli,8,mutant-1,4.0,0.07417990022744858,1.0,0.6666666666666666,0.8431372549019608,0.6766917293233082,5.074179900227449,0.3803626713843432,FALSE
Cli,8,mutant-2,1.0,0.0,1.0,0.6666666666666666,1.0,1.0,2.0,0.6666666666666666,FALSE
Codec,15,mutant-1,5.0,0.0,0.0,1.0,0.40229885057471265,0.42857142857142855,5.0,0.17241379310344826,FALSE
Codec,15,mutant-2,1.0,0.0,1.0,0.6,1.0,1.0,2.0,0.6,FALSE
Codec,15,mutant-3,1.0,0.0,1.0,0.7142857142857143,1.0,1.0,2.0,0.7142857142857143,FALSE
Codec,15,mutant-4,1.0,0.0,1.0,0.6,1.0,0.5882352941176471,2.0,0.35294117647058826,FALSE
Codec,15,mutant-5,1.0,0.0,1.0,0.7142857142857143,1.0,1.0,2.0,0.7142857142857143,FALSE
Codec,15,mutant-6,5.0,0.0,0.0,1.0,0.6033057851239669,0.6363636363636364,5.0,0.3839218632607062,FALSE
Codec,15,mutant-7,1.0,0.0,1.0,0.7142857142857143,1.0,1.0,2.0,0.7142857142857143,FALSE
Codec,16,mutant-1,15.0,0.8475014296673953,6.0,0.0,0.045454545454545456,0.024390243902439025,21.847501429667396,0.0,FALSE
Codec,16,mutant-10,1.0,0.0,1.0,0.3333333333333333,1.0,1.0,2.0,0.3333333333333333,FALSE
Codec,16,mutant-11,15.0,0.8475014296673953,6.0,0.0,0.045454545454545456,0.024390243902439025,21.847501429667396,0.0,FALSE
Codec,16,mutant-2,16.0,0.14616939553578645,2.0,0.75,0.8354430379746836,0.5555555555555556,18.146169395535786,0.34810126582278483,FALSE
Codec,16,mutant-3,4.0,0.08695652173913049,0.0,1.0,1.0,0.5333333333333333,4.086956521739131,0.5333333333333333,FALSE
Codec,16,mutant-4,18.0,0.0,0.0,1.0,0.6346153846153846,0.38095238095238093,18.0,0.24175824175824173,FALSE
Codec,16,mutant-5,15.0,0.8475014296673953,6.0,0.0,0.045454545454545456,0.024390243902439025,21.847501429667396,0.0,FALSE
Codec,16,mutant-6,15.0,0.14616939553578645,2.0,0.75,0.8354430379746836,0.5555555555555556,17.146169395535786,0.34810126582278483,FALSE
Codec,16,mutant-7,1.0,0.0,0.0,1.0,1.0,1.0,1.0,1.0,FALSE
Codec,16,mutant-8,4.0,0.09648363098090063,2.0,0.4,1.0,0.631578947368421,6.0964836309809005,0.25263157894736843,FALSE
Codec,16,mutant-9,1.0,0.0,1.0,0.3333333333333333,1.0,1.0,2.0,0.3333333333333333,FALSE
Codec,7,mutant-1,14.0,0.18337773653771472,6.0,0.625,0.5272727272727272,0.5714285714285714,20.183377736537714,0.1883116883116883,TRUE
Codec,8,mutant-1,1.0,0.0,0.0,1.0,1.0,0.7692307692307693,1.0,0.7692307692307693,FALSE
Codec,8,mutant-10,5.0,0.08013378899220014,1.0,0.6666666666666666,1.0,0.5769230769230769,6.0801337889922005,0.3846153846153846,FALSE
Codec,8,mutant-11,7.0,0.0,0.0,1.0,0.11796246648793565,0.13274336283185842,7.0,0.015658734489548982,TRUE
Codec,8,mutant-12,1.0,0.0,0.0,1.0,1.0,1.0,1.0,1.0,FALSE
Codec,8,mutant-13,8.0,0.639332146133027,3.0,0.0,0.11278195488721804,0.009523809523809525,11.639332146133027,0.0,TRUE
Codec,8,mutant-14,4.0,0.278775764663455,10.0,0.08333333333333333,1.0,1.0,14.278775764663454,0.08333333333333333,FALSE
Codec,8,mutant-2,1.0,0.0,1.0,0.5,1.0,0.8518518518518519,2.0,0.42592592592592593,FALSE
Codec,8,mutant-3,5.0,0.08013378899220014,1.0,0.6666666666666666,0.8148148148148148,0.6818181818181818,6.0801337889922005,0.37037037037037035,FALSE
Codec,8,mutant-4,1.0,0.0,1.0,0.5,1.0,1.0,2.0,0.5,FALSE
Codec,8,mutant-5,1.0,0.0,0.0,1.0,1.0,1.0,1.0,1.0,FALSE
Codec,8,mutant-6,8.0,0.0,0.0,1.0,0.11278195488721804,0.009523809523809525,8.0,0.0010741138560687433,TRUE
Codec,8,mutant-7,5.0,0.0,0.0,1.0,0.8148148148148148,0.5769230769230769,5.0,0.47008547008547,FALSE
Codec,8,mutant-8,1.0,0.0,0.0,1.0,1.0,1.0,1.0,1.0,FALSE
Codec,8,mutant-9,1.0,0.0,0.0,1.0,1.0,0.8666666666666667,1.0,0.8666666666666667,FALSE
Codec,9,mutant-1,6.0,0.0,0.0,1.0,0.2682926829268293,0.07547169811320754,6.0,0.02024850437183617,FALSE
Codec,9,mutant-2,6.0,0.013606076167856251,2.0,0.4,0.2,0.40372670807453415,8.013606076167857,0.03229813664596274,FALSE
Codec,9,mutant-3,5.0,0.0,0.0,1.0,0.2647058823529412,0.1111111111111111,5.0,0.029411764705882353,FALSE
Codec,9,mutant-4,2.0,0.0,0.0,1.0,1.0,1.0,2.0,1.0,FALSE
Codec,9,mutant-5,3.0,0.1339745962155613,0.0,1.0,0.46153846153846156,1.0,3.133974596215561,0.46153846153846156,FALSE
Codec,9,mutant-6,2.0,0.0,0.0,1.0,1.0,1.0,2.0,1.0,FALSE
Codec,9,mutant-7,1.0,0.0,0.0,1.0,1.0,1.0,1.0,1.0,FALSE
Codec,9,mutant-8,6.0,0.0,0.0,1.0,1.0,0.9047619047619048,6.0,0.9047619047619048,FALSE
Compress,14,mutant-1,1.0,0.0,0.0,1.0,1.0,1.0,1.0,1.0,FALSE
Compress,14,mutant-2,1.0,0.0,0.0,1.0,1.0,0.9122807017543859,1.0,0.9122807017543859,TRUE
Compress,16,mutant-16,7.0,0.09486639816563514,2.0,0.5,0.8882602545968883,1.0,9.094866398165635,0.44413012729844414,FALSE
Compress,16,mutant-17,35.0,0.2904337095397701,12.0,0.26666666666666666,1.0,0.2709677419354839,47.29043370953977,0.07225806451612904,FALSE
Compress,16,mutant-20,1.0,0.0,1.0,0.3333333333333333,1.0,1.0,2.0,0.3333333333333333,FALSE
Compress,16,mutant-27,34.0,0.3299296657263783,8.0,0.36363636363636365,0.2698412698412698,1.0,42.329929665726375,0.09812409812409813,FALSE
Compress,16,mutant-29,35.0,0.2997813752484303,10.0,0.3076923076923077,1.0,1.0,45.29978137524843,0.3076923076923077,FALSE
Compress,16,mutant-39,39.0,0.0,0.0,1.0,0.2361111111111111,0.3111111111111111,39.0,0.0734567901234568,FALSE
Compress,16,mutant-40,28.0,0.30709767184426606,7.0,0.36363636363636365,0.22666666666666666,1.0,35.30709767184426,0.08242424242424243,FALSE
Compress,16,mutant-8,28.0,0.30709767184426606,7.0,0.36363636363636365,0.22666666666666666,0.25766871165644173,35.30709767184426,0.021238148354712775,FALSE
Compress,18,mutant-1,4.0,0.0,0.0,1.0,1.0,0.625,4.0,0.625,FALSE
Compress,18,mutant-10,1.0,0.0,1.0,0.0,1.0,1.0,2.0,0.0,FALSE
Compress,18,mutant-11,1.0,0.0,0.0,1.0,1.0,1.0,1.0,1.0,FALSE
Compress,18,mutant-12,1.0,0.0,0.0,1.0,1.0,1.0,1.0,1.0,FALSE
Compress,18,mutant-13,1.0,0.0,1.0,0.6666666666666666,1.0,1.0,2.0,0.6666666666666666,FALSE
Compress,18,mutant-14,6.0,0.0,0.0,1.0,0.2571428571428571,1.0,6.0,0.2571428571428571,FALSE
Compress,18,mutant-15,1.0,0.0,1.0,0.6666666666666666,1.0,1.0,2.0,0.6666666666666666,FALSE
Compress,18,mutant-16,1.0,0.0,1.0,0.6666666666666666,1.0,0.9166666666666666,2.0,0.611111111111111,FALSE
Compress,18,mutant-17,10.0,0.20788196561866046,4.0,0.5,0.39285714285714285,0.7,14.207881965618661,0.13749999999999998,FALSE
Compress,18,mutant-18,13.0,0.24032472839838415,1.0,0.5,0.705,0.6277372262773723,14.240324728398384,0.22127737226277372,FALSE
Compress,18,mutant-19,1.0,0.0,1.0,0.3333333333333333,1.0,1.0,2.0,0.3333333333333333,FALSE
Compress,18,mutant-2,7.0,0.0,0.0,1.0,0.39285714285714285,0.7777777777777778,7.0,0.3055555555555556,FALSE
Compress,18,mutant-20,4.0,0.49604736932103044,2.0,0.0,0.4864864864864865,0.1111111111111111,6.4960473693210306,0.0,FALSE
Compress,18,mutant-21,4.0,0.0,0.0,1.0,0.6116838487972509,0.625,4.0,0.3823024054982818,FALSE
Compress,18,mutant-22,6.0,0.5783629786442162,3.0,0.0,0.2571428571428571,1.0,9.578362978644217,0.0,FALSE
Compress,18,mutant-23,9.0,0.18350341907227385,3.0,0.6,0.3235294117647059,0.5833333333333334,12.183503419072274,0.11323529411764707,FALSE
Compress,18,mutant-24,1.0,0.0,1.0,0.5,1.0,1.0,2.0,0.5,FALSE
Compress,18,mutant-25,1.0,0.0,1.0,0.5,1.0,1.0,2.0,0.5,FALSE
Compress,18,mutant-26,13.0,0.0,0.0,1.0,0.705,0.6277372262773723,13.0,0.44255474452554744,FALSE
Compress,18,mutant-27,1.0,0.0,0.0,1.0,1.0,1.0,1.0,1.0,FALSE
Compress,18,mutant-28,1.0,0.0,0.0,1.0,1.0,1.0,1.0,1.0,FALSE
Compress,18,mutant-29,7.0,0.6203368016990004,3.0,0.0,0.19148936170212766,0.01098901098901099,10.620336801699,0.0,FALSE
Compress,18,mutant-3,1.0,0.0,1.0,0.5,1.0,1.0,2.0,0.5,FALSE
Compress,18,mutant-30,4.0,0.49604736932103044,2.0,0.0,0.4864864864864865,0.1111111111111111,6.4960473693210306,0.0,FALSE
Compress,18,mutant-31,3.0,0.009169831955701091,1.0,0.6666666666666666,0.6666666666666666,0.75,4.009169831955701,0.3333333333333333,FALSE
Compress,18,mutant-32,1.0,0.0,1.0,0.3333333333333333,1.0,1.0,2.0,0.3333333333333333,FALSE
Compress,18,mutant-33,4.0,0.6570028297149824,2.0,0.0,0.5833333333333334,0.14285714285714285,6.657002829714982,0.0,FALSE
Compress,18,mutant-34,3.0,0.18350341907227385,0.0,1.0,0.5555555555555556,0.4444444444444444,3.1835034190722737,0.24691358024691357,FALSE
Compress,18,mutant-35,12.0,0.24032472839838415,0.0,1.0,0.705,0.6277372262773723,12.240324728398384,0.44255474452554744,FALSE
Compress,18,mutant-36,1.0,0.0,0.0,1.0,1.0,1.0,1.0,1.0,FALSE
Compress,18,mutant-4,1.0,0.0,1.0,0.5,1.0,1.0,2.0,0.5,FALSE
Compress,18,mutant-5,13.0,0.0,0.0,1.0,0.705,0.6277372262773723,13.0,0.44255474452554744,FALSE
Compress,18,mutant-6,1.0,0.0,1.0,0.3333333333333333,1.0,1.0,2.0,0.3333333333333333,FALSE
Compress,18,mutant-7,10.0,0.3575074337967644,3.0,0.4,0.34285714285714286,0.2682926829268293,13.357507433796764,0.03679442508710802,FALSE
Compress,18,mutant-8,4.0,0.013301441673995162,5.0,0.7142857142857143,0.6968503937007874,0.7142857142857143,9.013301441673995,0.355535915153463,FALSE
Compress,18,mutant-9,4.0,0.1296117202215108,2.0,0.5,0.7696629213483146,1.0,6.129611720221511,0.3848314606741573,FALSE
Compress,19,mutant-1,4.0,0.4836022205056778,1.0,0.0,0.23684210526315788,1.0,5.483602220505678,0.0,FALSE
Compress,27,mutant-1,1.0,0.0,0.0,1.0,1.0,0.9629629629629629,1.0,0.9629629629629629,FALSE
Compress,27,mutant-2,4.0,0.49604736932103044,2.0,0.0,0.32432432432432434,0.024096385542168676,6.4960473693210306,0.0,TRUE
Compress,27,mutant-3,1.0,0.0,0.0,1.0,1.0,0.8518518518518519,1.0,0.8518518518518519,FALSE
Compress,27,mutant-4,1.0,0.0,0.0,1.0,1.0,0.9259259259259259,1.0,0.9259259259259259,FALSE
Compress,27,mutant-5,1.0,0.0,0.0,1.0,1.0,0.9259259259259259,1.0,0.9259259259259259,FALSE
Compress,34,mutant-1,6.0,0.0,0.0,1.0,0.375,1.0,6.0,0.375,TRUE
Compress,35,mutant-1,4.0,0.05128205128205132,0.0,1.0,0.9072847682119205,0.5,4.051282051282051,0.45364238410596025,FALSE
Compress,35,mutant-2,2.0,0.0715233091147407,0.0,1.0,0.95,1.0,2.071523309114741,0.95,FALSE
Compress,38,mutant-1,1.0,0.0,0.0,1.0,1.0,1.0,1.0,1.0,FALSE
Compress,38,mutant-2,1.0,0.0,1.0,0.0,1.0,1.0,2.0,0.0,FALSE
Compress,38,mutant-3,3.0,0.18350341907227385,0.0,1.0,0.5555555555555556,0.4444444444444444,3.1835034190722737,0.24691358024691357,FALSE
Compress,4,mutant-1,1.0,0.0,1.0,0.0,1.0,1.0,2.0,0.0,FALSE
Compress,4,mutant-2,1.0,0.0,1.0,0.0,1.0,1.0,2.0,0.0,FALSE
Compress,4,mutant-3,3.0,0.3584669721282153,7.0,0.0,0.19230769230769232,0.058823529411764705,10.358466972128216,0.0,FALSE
Compress,4,mutant-4,1.0,0.0,0.0,1.0,1.0,1.0,1.0,1.0,FALSE
Compress,4,mutant-5,3.0,0.0028235350472620713,1.0,0.8,0.7433628318584071,0.8,4.002823535047262,0.47575221238938065,FALSE
Compress,4,mutant-6,1.0,0.0,1.0,0.0,1.0,1.0,2.0,0.0,FALSE
Compress,4,mutant-7,10.0,0.21269146991180332,1.0,0.75,0.49557522123893805,0.3235294117647059,11.212691469911803,0.12024986985944822,FALSE
Compress,4,mutant-8,1.0,0.0,1.0,0.0,1.0,1.0,2.0,0.0,FALSE
Compress,4,mutant-9,10.0,0.0,0.0,1.0,0.5406698564593302,0.3684210526315789,10.0,0.19919415764291112,FALSE
Compress,45,mutant-1,1.0,0.0,1.0,0.5,1.0,0.88,2.0,0.44,FALSE
Compress,45,mutant-2,1.0,0.0,0.0,1.0,1.0,1.0,1.0,1.0,FALSE
Compress,45,mutant-3,1.0,0.0,1.0,0.5,1.0,1.0,2.0,0.5,FALSE
Compress,45,mutant-4,6.0,0.5783629786442162,3.0,0.0,0.18421052631578946,0.015748031496062992,9.578362978644217,0.0,FALSE
Csv,11,mutant-1,2.0,0.0,0.0,1.0,0.8181818181818182,1.0,2.0,0.8181818181818182,FALSE
Csv,11,mutant-10,2.0,0.05131670194948612,1.0,0.8333333333333334,0.8181818181818182,1.0,3.051316701949486,0.6818181818181819,FALSE
Csv,11,mutant-11,2.0,0.04120188729161278,1.0,0.8333333333333334,0.7894736842105263,0.8333333333333334,3.0412018872916127,0.5482456140350878,FALSE
Csv,11,mutant-12,2.0,0.05131670194948612,1.0,0.8333333333333334,0.8181818181818182,1.0,3.051316701949486,0.6818181818181819,FALSE
Csv,11,mutant-13,2.0,0.0,0.0,1.0,0.8181818181818182,1.0,2.0,0.8181818181818182,FALSE
Csv,11,mutant-14,2.0,0.05131670194948612,1.0,0.8333333333333334,0.8181818181818182,1.0,3.051316701949486,0.6818181818181819,FALSE
Csv,11,mutant-15,9.0,0.0733809348606379,15.0,0.391304347826087,1.0,0.4513491414554375,24.073380934860637,0.17661488143908424,FALSE
Csv,11,mutant-16,7.0,0.09933106696362282,15.0,0.391304347826087,0.37435008665511266,0.43918367346938775,22.09933106696362,0.06433373982552106,FALSE
Csv,11,mutant-2,2.0,0.05131670194948612,1.0,0.8333333333333334,0.8181818181818182,1.0,3.051316701949486,0.6818181818181819,FALSE
Csv,11,mutant-3,3.0,0.03847605235917684,1.0,0.7142857142857143,0.75,0.0,4.038476052359177,0.0,FALSE
Csv,11,mutant-4,2.0,0.0,0.0,1.0,0.8181818181818182,1.0,2.0,0.8181818181818182,FALSE
Csv,11,mutant-5,1.0,0.0,0.0,1.0,1.0,1.0,1.0,1.0,FALSE
Csv,11,mutant-6,7.0,0.0,0.0,1.0,0.37435008665511266,0.4407467532467532,7.0,0.16499358527088162,TRUE
Csv,11,mutant-7,2.0,0.04120188729161278,1.0,0.8333333333333334,0.7894736842105263,0.8333333333333334,3.0412018872916127,0.5482456140350878,FALSE
Csv,11,mutant-8,2.0,0.0,0.0,1.0,0.8181818181818182,1.0,2.0,0.8181818181818182,FALSE
Csv,11,mutant-9,3.0,0.0,0.0,1.0,1.0,0.0,3.0,0.0,FALSE
Csv,15,mutant-1,26.0,0.1804775448682946,7.0,0.3,0.9642857142857143,0.5589430894308943,33.180477544868296,0.16169425087108014,FALSE
Csv,15,mutant-10,27.0,0.8653129940597052,13.0,0.0,0.033950617283950615,1.0,40.86531299405971,0.0,TRUE
Csv,15,mutant-11,26.0,0.1804775448682946,7.0,0.3,0.9614243323442137,0.5589430894308943,33.180477544868296,0.1612144459723529,FALSE
Csv,15,mutant-12,23.0,0.1698339501833942,7.0,0.3,1.0,0.3870967741935484,30.169833950183396,0.11612903225806451,FALSE
Csv,15,mutant-13,23.0,0.1698339501833942,7.0,0.3,1.0,0.3870967741935484,30.169833950183396,0.11612903225806451,FALSE
Csv,15,mutant-2,26.0,0.1804775448682946,7.0,0.3,0.9642857142857143,1.0,33.180477544868296,0.28928571428571426,FALSE
Csv,15,mutant-3,26.0,0.1804775448682946,7.0,0.3,0.9642857142857143,0.5589430894308943,33.180477544868296,0.16169425087108014,FALSE
Csv,15,mutant-4,25.0,0.17520724968370072,6.0,0.3684210526315789,0.9642857142857143,1.0,31.1752072496837,0.35526315789473684,FALSE
Csv,15,mutant-5,27.0,0.8653129940597052,13.0,0.0,0.033950617283950615,0.0061162079510703364,40.86531299405971,0.0,TRUE
Csv,15,mutant-6,4.0,0.0,0.0,1.0,0.84375,0.2916666666666667,4.0,0.24609375000000003,FALSE
Csv,15,mutant-7,26.0,0.1804775448682946,7.0,0.3,0.9642857142857143,1.0,33.180477544868296,0.28928571428571426,FALSE
Csv,15,mutant-8,23.0,0.1698339501833942,7.0,0.3,1.0,0.4782608695652174,30.169833950183396,0.14347826086956522,FALSE
Csv,15,mutant-9,26.0,0.1804775448682946,7.0,0.3,0.9642857142857143,0.5589430894308943,33.180477544868296,0.16169425087108014,FALSE
Csv,5,mutant-1,2.0,0.049067034816068444,1.0,0.8,1.0,0.8,3.0490670348160682,0.6400000000000001,FALSE
Csv,5,mutant-10,2.0,0.0,0.0,1.0,0.8181818181818182,1.0,2.0,0.8181818181818182,FALSE
Csv,5,mutant-11,2.0,0.05131670194948612,1.0,0.8333333333333334,0.8181818181818182,1.0,3.051316701949486,0.6818181818181819,FALSE
Csv,5,mutant-12,2.0,0.049067034816068444,1.0,0.8,1.0,0.8,3.0490670348160682,0.6400000000000001,FALSE
Csv,5,mutant-13,2.0,0.05131670194948612,1.0,0.8333333333333334,0.8181818181818182,1.0,3.051316701949486,0.6818181818181819,FALSE
Csv,5,mutant-14,2.0,0.0,0.0,1.0,0.8181818181818182,1.0,2.0,0.8181818181818182,FALSE
Csv,5,mutant-15,2.0,0.0,0.0,1.0,0.8181818181818182,1.0,2.0,0.8181818181818182,FALSE
Csv,5,mutant-2,3.0,0.03847605235917684,1.0,0.7142857142857143,0.75,0.0,4.038476052359177,0.0,FALSE
Csv,5,mutant-3,2.0,0.05131670194948612,1.0,0.8333333333333334,0.8181818181818182,1.0,3.051316701949486,0.6818181818181819,FALSE
Csv,5,mutant-4,2.0,0.0,0.0,1.0,0.8181818181818182,1.0,2.0,0.8181818181818182,FALSE
Csv,5,mutant-5,2.0,0.05131670194948612,1.0,0.8333333333333334,0.8181818181818182,1.0,3.051316701949486,0.6818181818181819,FALSE
Csv,5,mutant-6,3.0,0.0,0.0,1.0,0.75,0.0,3.0,0.0,FALSE
Csv,5,mutant-7,2.0,0.0,0.0,1.0,1.0,1.0,2.0,1.0,FALSE
Csv,5,mutant-8,2.0,0.0,0.0,1.0,1.0,1.0,2.0,1.0,FALSE
Csv,5,mutant-9,2.0,0.0,0.0,1.0,1.0,0.8,2.0,0.8,FALSE
Csv,9,mutant-1,9.0,0.05203791164978255,7.0,0.6666666666666666,0.672566371681416,0.5037593984962406,16.052037911649784,0.22587442056468607,FALSE
Gson,16,mutant-1,1.0,0.0,1.0,0.7777777777777778,1.0,1.0,2.0,0.7777777777777778,FALSE
Gson,16,mutant-10,1.0,0.0,0.0,1.0,1.0,0.5135135135135135,1.0,0.5135135135135135,FALSE
Gson,16,mutant-11,7.0,0.042700523665645584,2.0,0.6666666666666666,0.803680981595092,0.5869565217391305,9.042700523665646,0.3144838623632969,FALSE
Gson,16,mutant-2,4.0,0.4836022205056778,1.0,0.0,0.2403846153846154,0.013333333333333334,5.483602220505678,0.0,FALSE
Gson,16,mutant-3,6.0,0.07613022912568812,4.0,0.5,1.0,0.45454545454545453,10.076130229125688,0.22727272727272727,FALSE
Gson,16,mutant-4,1.0,0.0,1.0,0.7777777777777778,1.0,1.0,2.0,0.7777777777777778,FALSE
Gson,16,mutant-5,4.0,0.4836022205056778,1.0,0.0,0.24074074074074073,0.02702702702702703,5.483602220505678,0.0,FALSE
Gson,16,mutant-6,6.0,0.2614510541240036,3.0,0.2,0.5190839694656488,1.0,9.261451054124004,0.10381679389312977,FALSE
Gson,16,mutant-7,14.0,0.18814997543933587,2.0,0.5,0.631578947368421,0.48484848484848486,16.188149975439337,0.15311004784688995,FALSE
Gson,16,mutant-8,2.0,0.006021560124901404,2.0,0.5,0.8733333333333333,1.0,4.006021560124902,0.43666666666666665,FALSE
Gson,16,mutant-9,13.0,0.818928507914963,5.0,0.0,0.2,0.0625,18.81892850791496,0.0,FALSE
Gson,18,mutant-1,8.0,0.07731297215613175,4.0,0.42857142857142855,1.0,1.0,12.077312972156133,0.42857142857142855,FALSE
Gson,5,mutant-1,1.0,0.0,0.0,1.0,1.0,0.5476190476190477,1.0,0.5476190476190477,FALSE
Gson,5,mutant-10,2.0,0.0,0.0,1.0,0.7169811320754716,0.7142857142857143,2.0,0.5121293800539083,FALSE
Gson,5,mutant-2,6.0,0.5917517095361369,3.0,0.0,0.22077922077922077,0.022222222222222223,9.591751709536137,0.0,FALSE
Gson,5,mutant-3,6.0,0.5917517095361369,3.0,0.0,0.20754716981132076,0.023809523809523808,9.591751709536137,0.0,FALSE
Gson,5,mutant-4,1.0,0.0,1.0,0.5,1.0,0.8571428571428571,2.0,0.42857142857142855,FALSE
Gson,5,mutant-5,12.0,0.19123068989671732,5.0,0.1111111111111111,0.3235294117647059,0.1875,17.191230689896717,0.006740196078431372,FALSE
Gson,5,mutant-6,14.0,0.0,0.0,1.0,0.25,0.32142857142857145,14.0,0.08035714285714286,FALSE
Gson,5,mutant-7,1.0,0.0,1.0,0.7142857142857143,1.0,1.0,2.0,0.7142857142857143,FALSE
Gson,5,mutant-8,1.0,0.0,1.0,0.5,1.0,1.0,2.0,0.5,FALSE
Gson,5,mutant-9,1.0,0.0,1.0,0.5,1.0,0.8666666666666667,2.0,0.43333333333333335,FALSE
Gson,6,mutant-1,7.0,0.20593333282325588,3.0,0.5,0.42790697674418604,1.0,10.205933332823257,0.21395348837209302,TRUE
Gson,6,mutant-2,7.0,0.0,0.0,1.0,1.0,0.5921052631578947,7.0,0.5921052631578947,TRUE
JacksonCore,11,mutant-1,1.0,0.0,0.0,1.0,1.0,1.0,1.0,1.0,FALSE
JacksonCore,11,mutant-2,1.0,0.0,1.0,0.0,1.0,1.0,2.0,0.0,FALSE
JacksonCore,11,mutant-3,1.0,0.0,0.0,1.0,1.0,1.0,1.0,1.0,FALSE
JacksonCore,11,mutant-4,6.0,0.25,1.0,0.3333333333333333,0.4375,0.25,7.25,0.03645833333333333,FALSE
JacksonCore,11,mutant-5,1.0,0.0,0.0,1.0,1.0,1.0,1.0,1.0,FALSE
JacksonCore,11,mutant-6,1.0,0.0,1.0,0.0,1.0,1.0,2.0,0.0,FALSE
JacksonCore,11,mutant-7,1.0,0.0,0.0,1.0,1.0,1.0,1.0,1.0,FALSE
JacksonCore,11,mutant-8,1.0,0.0,1.0,0.0,1.0,0.5833333333333334,2.0,0.0,FALSE
JacksonCore,11,mutant-9,4.0,0.18350341907227385,1.0,0.3333333333333333,0.7,1.0,5.183503419072274,0.2333333333333333,FALSE
JacksonCore,17,mutant-1,4.0,0.49604736932103044,2.0,0.0,0.30434782608695654,0.021739130434782608,6.4960473693210306,0.0,FALSE
JacksonCore,17,mutant-10,1.0,0.0,0.0,1.0,1.0,0.125,1.0,0.125,FALSE
JacksonCore,17,mutant-11,1.0,0.0,0.0,1.0,1.0,1.0,1.0,1.0,FALSE
JacksonCore,17,mutant-12,7049.0,1.0,2744.0,0.0,0.0,0.0,9794.0,0.0,FALSE
JacksonCore,17,mutant-13,6.0,0.286442140453266,12.0,0.1875,0.2,0.5,18.286442140453268,0.018750000000000003,FALSE
JacksonCore,17,mutant-14,1.0,0.0,1.0,0.3333333333333333,1.0,0.3235294117647059,2.0,0.10784313725490197,FALSE
JacksonCore,17,mutant-15,1.0,0.0,1.0,0.3333333333333333,1.0,1.0,2.0,0.3333333333333333,FALSE
JacksonCore,17,mutant-2,1.0,0.0,0.0,1.0,1.0,0.78125,1.0,0.78125,FALSE
JacksonCore,17,mutant-3,1.0,0.0,1.0,0.3333333333333333,1.0,1.0,2.0,0.3333333333333333,FALSE
JacksonCore,17,mutant-4,1.0,0.0,1.0,0.3333333333333333,1.0,1.0,2.0,0.3333333333333333,FALSE
JacksonCore,17,mutant-5,4.0,0.49604736932103044,2.0,0.0,0.30434782608695654,0.021739130434782608,6.4960473693210306,0.0,FALSE
JacksonCore,17,mutant-6,1.0,0.0,0.0,1.0,1.0,0.3333333333333333,1.0,0.3333333333333333,FALSE
JacksonCore,17,mutant-7,1.0,0.0,1.0,0.6,1.0,1.0,2.0,0.6,FALSE
JacksonCore,17,mutant-8,1.0,0.0,1.0,0.3333333333333333,1.0,0.125,2.0,0.041666666666666664,FALSE
JacksonCore,17,mutant-9,2.0,0.0,0.0,1.0,1.0,1.0,2.0,1.0,FALSE
JacksonCore,19,mutant-1,7.0,0.2440710539815456,2.0,0.4,1.0,0.4,9.244071053981546,0.16000000000000003,FALSE
JacksonCore,19,mutant-10,1.0,0.0,1.0,0.3333333333333333,1.0,1.0,2.0,0.3333333333333333,FALSE
JacksonCore,19,mutant-11,1.0,0.0,0.0,1.0,1.0,1.0,1.0,1.0,FALSE
JacksonCore,19,mutant-12,1.0,0.0,0.0,1.0,1.0,1.0,1.0,1.0,FALSE
JacksonCore,19,mutant-13,4.0,0.4836022205056778,2.0,0.0,0.3,0.07692307692307693,6.483602220505678,0.0,FALSE
JacksonCore,19,mutant-2,1.0,0.0,0.0,1.0,1.0,1.0,1.0,1.0,FALSE
JacksonCore,19,mutant-3,5.0,0.0,0.0,1.0,0.4634146341463415,0.3333333333333333,5.0,0.15447154471544716,FALSE
JacksonCore,19,mutant-4,2.0,0.05719095841793653,1.0,0.5,1.0,1.0,3.0571909584179364,0.5,FALSE
JacksonCore,19,mutant-5,2.0,0.0,0.0,1.0,1.0,0.7222222222222222,2.0,0.7222222222222222,FALSE
JacksonCore,19,mutant-6,2.0,0.05719095841793653,1.0,0.5,1.0,0.7222222222222222,3.0571909584179364,0.3611111111111111,FALSE
JacksonCore,19,mutant-7,7.0,0.2440710539815456,2.0,0.4,1.0,0.4,9.244071053981546,0.16000000000000003,FALSE
JacksonCore,19,mutant-8,2.0,0.0,0.0,1.0,1.0,1.0,2.0,1.0,FALSE
JacksonCore,19,mutant-9,2.0,0.0,0.0,1.0,1.0,0.7222222222222222,2.0,0.7222222222222222,FALSE
JacksonCore,21,mutant-10,5.0,0.0,0.0,1.0,0.6444444444444445,0.4,5.0,0.25777777777777783,FALSE
JacksonCore,21,mutant-15,8.0,0.2022759647825344,0.0,1.0,0.4411764705882353,1.0,8.202275964782535,0.4411764705882353,FALSE
JacksonCore,21,mutant-19,4.0,0.49604736932103044,2.0,0.0,0.4482758620689655,1.0,6.4960473693210306,0.0,FALSE
JacksonCore,21,mutant-20,4.0,0.49604736932103044,2.0,0.0,0.4,0.01680672268907563,6.4960473693210306,0.0,FALSE
JacksonCore,25,mutant-11,6.0,0.5917517095361369,1.0,0.0,0.13636363636363635,0.09090909090909091,7.591751709536137,0.0,FALSE
JacksonCore,25,mutant-13,6.0,0.7538170180413346,4.0,0.0,0.38164251207729466,1.0,10.753817018041335,0.0,FALSE
JacksonCore,25,mutant-15,5.0,0.17537887487646797,1.0,0.3333333333333333,0.7439024390243902,0.2222222222222222,6.175378874876468,0.05510388437217705,FALSE
JacksonCore,25,mutant-16,3.0,0.0834848610088319,1.0,0.3333333333333333,0.9538461538461539,0.9354838709677419,4.083484861008832,0.2974358974358974,FALSE
JacksonCore,25,mutant-17,3.0,0.06256313343890785,1.0,0.5,0.976303317535545,0.7272727272727273,4.062563133438908,0.35501938819474366,FALSE
JacksonCore,25,mutant-20,5.0,0.0,0.0,1.0,0.6567164179104478,0.3333333333333333,5.0,0.21890547263681592,FALSE
JacksonCore,25,mutant-21,15.0,0.0,0.0,1.0,0.7529761904761905,0.6697247706422018,15.0,0.5042868064657056,FALSE
JacksonCore,25,mutant-22,3.0,0.0834848610088319,1.0,0.3333333333333333,0.9538461538461539,0.9354838709677419,4.083484861008832,0.2974358974358974,FALSE
JacksonCore,25,mutant-27,3.0,0.06256313343890785,1.0,0.5,1.0,0.7272727272727273,4.062563133438908,0.36363636363636365,FALSE
JacksonCore,25,mutant-28,5.0,0.17537887487646797,1.0,0.3333333333333333,0.7439024390243902,0.2222222222222222,6.175378874876468,0.05510388437217705,FALSE
JacksonCore,25,mutant-29,5.0,0.17537887487646797,1.0,0.3333333333333333,0.7439024390243902,0.25,6.175378874876468,0.061991869918699184,FALSE
JacksonCore,25,mutant-30,2.0,0.10557280900008414,0.0,1.0,0.46153846153846156,0.3333333333333333,2.1055728090000843,0.15384615384615385,FALSE
JacksonCore,25,mutant-31,6.0,0.23529411764705888,1.0,0.3333333333333333,0.6639344262295082,0.15384615384615385,7.235294117647059,0.03404791929382093,FALSE
JacksonCore,25,mutant-33,3.0,0.0834848610088319,1.0,0.3333333333333333,0.9538461538461539,0.9354838709677419,4.083484861008832,0.2974358974358974,FALSE
JacksonCore,25,mutant-34,1.0,0.0,1.0,0.0,1.0,1.0,2.0,0.0,FALSE
JacksonCore,25,mutant-35,7.0,0.3876275643042054,0.0,1.0,0.36363636363636365,0.18181818181818182,7.387627564304205,0.06611570247933884,FALSE
JacksonCore,25,mutant-36,3.0,0.0834848610088319,1.0,0.3333333333333333,0.9538461538461539,0.20689655172413793,4.083484861008832,0.06578249336870026,FALSE
JacksonCore,25,mutant-37,3.0,0.0834848610088319,1.0,0.3333333333333333,0.9538461538461539,0.20689655172413793,4.083484861008832,0.06578249336870026,FALSE
JacksonCore,25,mutant-40,15.0,0.1474021599117924,1.0,0.7142857142857143,0.7529761904761905,0.6697247706422018,16.147402159911792,0.3602048617612183,FALSE
JacksonCore,25,mutant-41,15.0,0.1474021599117924,1.0,0.7142857142857143,0.7529761904761905,0.6697247706422018,16.147402159911792,0.3602048617612183,FALSE
JacksonCore,25,mutant-5,3.0,0.06256313343890785,1.0,0.5,0.976303317535545,0.7272727272727273,4.062563133438908,0.35501938819474366,FALSE
JacksonCore,25,mutant-6,3.0,0.0,0.0,1.0,0.9538461538461539,0.20689655172413793,3.0,0.19734748010610081,FALSE
JacksonCore,25,mutant-7,8.0,0.3030679475628304,1.0,0.3333333333333333,0.5922330097087378,0.18181818181818182,9.30306794756283,0.03589290967931744,FALSE
JacksonCore,25,mutant-9,6.0,0.23529411764705888,1.0,0.3333333333333333,0.6639344262295082,0.15384615384615385,7.235294117647059,0.03404791929382093,FALSE
JacksonCore,4,mutant-1,5.0,0.02732998580107393,3.0,0.7272727272727273,0.7108433734939759,0.7320261437908496,8.027329985801074,0.37844067893678096,FALSE
JacksonCore,4,mutant-2,10.0,0.0,0.0,1.0,0.8795180722891566,0.8823529411764706,10.0,0.776045357902197,FALSE
JacksonCore,5,mutant-1,1.0,0.0,0.0,1.0,1.0,1.0,1.0,1.0,FALSE
JacksonCore,5,mutant-2,1.0,0.0,0.0,1.0,1.0,1.0,1.0,1.0,FALSE
JacksonCore,5,mutant-3,5.0,0.7113248654051871,3.0,0.0,0.3333333333333333,0.2,8.711324865405187,0.0,FALSE
JacksonCore,5,mutant-4,1.0,0.0,1.0,0.6,1.0,1.0,2.0,0.6,FALSE
JacksonCore,5,mutant-5,8.0,0.033908216920704115,2.0,0.5,0.4152046783625731,0.42857142857142855,10.033908216920704,0.08897243107769423,FALSE
JacksonCore,5,mutant-6,3.0,0.045478595781576425,0.0,1.0,0.7575757575757576,0.6933333333333334,3.045478595781576,0.5252525252525253,TRUE
JacksonCore,5,mutant-7,5.0,0.07017543859649122,1.0,0.6666666666666666,1.0,0.8620689655172413,6.0701754385964914,0.5747126436781609,FALSE
JacksonCore,8,mutant-1,3.0,0.0871290708247231,1.0,0.3333333333333333,0.9318181818181818,0.6363636363636364,4.087129070824723,0.19765840220385672,FALSE
JacksonCore,8,mutant-2,3.0,0.0715233091147407,1.0,0.5,0.9354838709677419,0.8,4.071523309114741,0.3741935483870968,FALSE
JacksonCore,8,mutant-3,3.0,0.0834848610088319,1.0,0.3333333333333333,0.9361702127659575,1.0,4.083484861008832,0.3120567375886525,FALSE
JacksonCore,8,mutant-4,3.0,0.0871290708247231,1.0,0.3333333333333333,0.9318181818181818,0.6363636363636364,4.087129070824723,0.19765840220385672,FALSE
JacksonCore,8,mutant-5,3.0,0.0834848610088319,1.0,0.3333333333333333,0.8979591836734694,0.75,4.083484861008832,0.22448979591836735,FALSE
JacksonCore,8,mutant-6,3.0,0.23623738417402662,1.0,0.3333333333333333,0.6818181818181818,0.42105263157894735,4.236237384174027,0.0956937799043062,FALSE
JacksonCore,9,mutant-1,5.0,0.15484574527148343,0.0,1.0,0.7843137254901961,0.5538461538461539,5.1548457452714835,0.4343891402714932,FALSE
JacksonDatabind,1,mutant-1,4.0,0.4836022205056778,2.0,0.0,0.32653061224489793,0.023255813953488372,6.483602220505678,0.0,FALSE
JacksonDatabind,1,mutant-2,7.0,0.17844652158052543,8.0,0.25,0.08962264150943396,0.36231884057971014,15.178446521580526,0.008117992890347278,FALSE
JacksonDatabind,101,mutant-1,1.0,0.0,1.0,0.3333333333333333,1.0,1.0,2.0,0.3333333333333333,FALSE
JacksonDatabind,101,mutant-2,1.0,0.0,1.0,0.3333333333333333,1.0,1.0,2.0,0.3333333333333333,FALSE
JacksonDatabind,101,mutant-3,12.0,0.04600190799427606,1.0,0.875,0.8818565400843882,0.8289036544850499,13.046001907994276,0.6396023452065549,FALSE
JacksonDatabind,101,mutant-4,4.0,0.13547420842946645,5.0,0.2857142857142857,0.09289617486338798,0.14925373134328357,9.135474208429466,0.003961457350251087,TRUE
JacksonDatabind,101,mutant-5,1.0,0.0,1.0,0.3333333333333333,1.0,1.0,2.0,0.3333333333333333,FALSE
JacksonDatabind,102,mutant-1,7.0,0.379546612536415,5.0,0.2857142857142857,0.5204081632653061,0.5611015490533563,12.379546612536416,0.08342909329947863,TRUE
JacksonDatabind,103,mutant-1,4.0,1.0,2.0,0.0,0.42105263157894735,0.3333333333333333,7.0,0.0,FALSE
JacksonDatabind,103,mutant-2,6.0,0.5711549860648821,2.0,0.0,0.14583333333333334,0.0425531914893617,8.571154986064883,0.0,FALSE
JacksonDatabind,103,mutant-3,1.0,0.0,0.0,1.0,1.0,1.0,1.0,1.0,FALSE
JacksonDatabind,103,mutant-6,5.0,0.0829299437467651,2.0,0.5,1.0,0.54,7.082929943746765,0.27,FALSE
JacksonDatabind,103,mutant-7,4.0,0.2132042075305568,1.0,0.3333333333333333,0.6296296296296297,1.0,5.2132042075305565,0.20987654320987653,FALSE
JacksonDatabind,103,mutant-8,10.0,0.8259223440443022,7.0,0.0,0.14516129032258066,0.038461538461538464,17.8259223440443,0.0,FALSE
JacksonDatabind,105,mutant-1,5.0,0.0,0.0,1.0,0.6142857142857143,0.25,5.0,0.15357142857142858,FALSE
JacksonDatabind,105,mutant-2,10.0,0.6,5.0,0.16666666666666666,0.08108108108108109,0.16666666666666666,15.6,0.0022522522522522522,FALSE
JacksonDatabind,107,mutant-1,2.0,0.25,1.0,0.5,0.7361111111111112,1.0,3.25,0.3680555555555556,FALSE
JacksonDatabind,107,mutant-10,5.0,0.18350341907227385,0.0,1.0,0.7912087912087912,0.5333333333333333,5.183503419072274,0.421978021978022,FALSE
JacksonDatabind,107,mutant-11,8.0,0.0,0.0,1.0,0.7912087912087912,0.19230769230769232,8.0,0.1521555367709214,FALSE
JacksonDatabind,107,mutant-2,5.0,0.18350341907227385,0.0,1.0,0.7912087912087912,1.0,5.183503419072274,0.7912087912087912,FALSE
JacksonDatabind,107,mutant-3,7.0,0.6150998205402495,4.0,0.0,0.2894736842105263,0.028169014084507043,11.61509982054025,0.0,FALSE
JacksonDatabind,107,mutant-4,5.0,0.18350341907227385,0.0,1.0,0.7912087912087912,0.5333333333333333,5.183503419072274,0.421978021978022,FALSE
JacksonDatabind,107,mutant-5,3.0,0.0,0.0,1.0,0.8085106382978723,0.9154929577464789,3.0,0.7401857956248127,FALSE
JacksonDatabind,107,mutant-6,1.0,0.0,0.0,1.0,1.0,1.0,1.0,1.0,FALSE
JacksonDatabind,107,mutant-7,1.0,0.0,1.0,0.5,1.0,1.0,2.0,0.5,FALSE
JacksonDatabind,107,mutant-8,2.0,0.25,1.0,0.5,0.7361111111111112,0.15789473684210525,3.25,0.0581140350877193,FALSE
JacksonDatabind,107,mutant-9,5.0,0.18350341907227385,0.0,1.0,0.7912087912087912,1.0,5.183503419072274,0.7912087912087912,FALSE
JacksonDatabind,108,mutant-1,17.0,0.0,0.0,1.0,0.21428571428571427,0.14705882352941177,17.0,0.031512605042016806,FALSE
JacksonDatabind,108,mutant-2,6.0,0.29289321881345254,2.0,0.5,0.9,0.36363636363636365,8.292893218813452,0.16363636363636364,FALSE
JacksonDatabind,110,mutant-1,1.0,0.0,0.0,1.0,1.0,1.0,1.0,1.0,FALSE
JacksonDatabind,13,mutant-1,6.0,0.0,0.0,1.0,0.7142857142857143,1.0,6.0,0.7142857142857143,FALSE
JacksonDatabind,14,mutant-1,21.0,0.009223074778376472,5.0,0.8787878787878788,0.8074766355140187,0.7507082152974505,26.009223074778376,0.5327030598270439,FALSE
JacksonDatabind,14,mutant-10,9.0,0.11696780318699918,0.0,1.0,1.0,1.0,9.116967803186999,1.0,FALSE
JacksonDatabind,14,mutant-11,7.0,0.25,2.0,0.3333333333333333,0.6078431372549019,0.3333333333333333,9.25,0.06753812636165576,FALSE
JacksonDatabind,14,mutant-12,5.0,0.07282735005446928,0.0,1.0,0.8901098901098901,0.78,5.072827350054469,0.6942857142857143,FALSE
JacksonDatabind,14,mutant-13,9.0,0.39595955030737806,3.0,0.2,0.7535211267605634,0.18181818181818182,12.395959550307378,0.02740076824583867,FALSE
JacksonDatabind,14,mutant-14,9.0,0.1274971282217684,1.0,0.8,0.7230769230769231,0.3181818181818182,10.12749712822177,0.18405594405594405,FALSE
JacksonDatabind,14,mutant-15,10.0,0.670085560463071,4.0,0.0,0.09259259259259259,0.00847457627118644,14.670085560463072,0.0,FALSE
JacksonDatabind,14,mutant-16,7.0,0.5482588173527996,5.0,0.0,0.11940298507462686,0.0,12.5482588173528,0.0,FALSE
JacksonDatabind,14,mutant-17,10.0,0.670085560463071,4.0,0.0,0.09259259259259259,1.0,14.670085560463072,0.0,FALSE
JacksonDatabind,14,mutant-18,5.0,0.07282735005446928,0.0,1.0,0.8901098901098901,0.78,5.072827350054469,0.6942857142857143,FALSE
JacksonDatabind,14,mutant-19,2.0,0.5,1.0,0.0,1.0,1.0,3.5,0.0,FALSE
JacksonDatabind,14,mutant-2,7.0,0.0,0.0,1.0,0.5352112676056338,0.47368421052631576,7.0,0.2535211267605633,FALSE
JacksonDatabind,14,mutant-20,3.0,0.009556533228894826,1.0,0.75,0.5,0.75,4.009556533228895,0.28125,FALSE
JacksonDatabind,14,mutant-3,3.0,0.007085435459054601,1.0,0.8,0.6724137931034483,0.75,4.007085435459055,0.403448275862069,FALSE
JacksonDatabind,14,mutant-4,4.0,0.29289321881345254,1.0,0.0,0.6458333333333334,1.0,5.292893218813452,0.0,FALSE
JacksonDatabind,14,mutant-5,5.0,0.0,0.0,1.0,0.8901098901098901,1.0,5.0,0.8901098901098901,FALSE
JacksonDatabind,14,mutant-6,5.0,0.07282735005446928,0.0,1.0,0.8901098901098901,0.78,5.072827350054469,0.6942857142857143,FALSE
JacksonDatabind,14,mutant-7,13.0,0.0,0.0,1.0,0.2743362831858407,0.15384615384615385,13.0,0.04220558202859088,FALSE
JacksonDatabind,14,mutant-8,5.0,0.0,0.0,1.0,0.8901098901098901,0.78,5.0,0.6942857142857143,FALSE
JacksonDatabind,14,mutant-9,3.0,0.007085435459054601,1.0,0.8,0.6891891891891891,1.0,4.007085435459055,0.5513513513513514,FALSE
JacksonDatabind,16,mutant-1,3.0,0.0,0.0,1.0,0.9,0.5,3.0,0.45,FALSE
JacksonDatabind,16,mutant-2,2.0,0.0,0.0,1.0,0.6428571428571429,0.5,2.0,0.32142857142857145,FALSE
JacksonDatabind,16,mutant-3,9.0,0.18350341907227397,0.0,1.0,0.52,1.0,9.183503419072274,0.52,FALSE
JacksonDatabind,16,mutant-4,6.0,0.0,0.0,1.0,0.8295454545454546,0.7777777777777778,6.0,0.6452020202020202,TRUE
JacksonDatabind,16,mutant-5,3.0,0.05719095841793653,0.0,1.0,0.7843137254901961,0.7058823529411765,3.0571909584179364,0.5536332179930796,FALSE
JacksonDatabind,16,mutant-6,12.0,0.2254033307585166,1.0,0.75,0.7647058823529411,1.0,13.225403330758517,0.5735294117647058,FALSE
JacksonDatabind,16,mutant-7,3.0,0.07417990022744858,1.0,0.6666666666666666,0.475,0.36666666666666664,4.074179900227449,0.1161111111111111,FALSE
JacksonDatabind,20,mutant-1,5.0,0.03604795771625191,1.0,0.7777777777777778,0.8888888888888888,0.8121951219512196,6.036047957716252,0.5615176151761517,FALSE
JacksonDatabind,20,mutant-2,8.0,0.08285893061768235,2.0,0.6666666666666666,0.8764044943820225,0.8604651162790697,10.082858930617682,0.5027436634439508,FALSE
JacksonDatabind,20,mutant-3,6.0,0.10417198247063308,2.0,0.25,1.0,1.0,8.104171982470632,0.25,FALSE
JacksonDatabind,20,mutant-5,4.0,0.2525906813163403,1.0,0.3333333333333333,0.5606060606060606,1.0,5.25259068131634,0.18686868686868685,FALSE
JacksonDatabind,20,mutant-6,4.0,0.0,0.0,1.0,0.325,0.045454545454545456,4.0,0.014772727272727274,FALSE
JacksonDatabind,20,mutant-7,4.0,0.49604736932103044,2.0,0.0,0.325,0.04,6.4960473693210306,0.0,FALSE
JacksonDatabind,24,mutant-1,1.0,0.0,1.0,0.3333333333333333,1.0,1.0,2.0,0.3333333333333333,TRUE
JacksonDatabind,24,mutant-2,5.0,0.11064826864866717,2.0,0.625,0.7142857142857143,0.3870967741935484,7.110648268648667,0.1728110599078341,TRUE
JacksonDatabind,27,mutant-1,12.0,0.0,0.0,1.0,0.20987654320987653,0.03333333333333333,12.0,0.006995884773662551,FALSE
JacksonDatabind,27,mutant-2,2.0,0.33333333333333337,1.0,0.0,1.0,0.1111111111111111,3.3333333333333335,0.0,FALSE
JacksonDatabind,27,mutant-3,4.0,0.0,0.0,1.0,0.32934131736526945,0.01015228426395939,4.0,0.0033435666737590803,FALSE
JacksonDatabind,27,mutant-4,5.0,0.16794970566215628,3.0,0.3333333333333333,0.4841628959276018,0.47580645161290325,8.167949705662156,0.07678927650464652,FALSE
JacksonDatabind,27,mutant-5,17.0,0.13479282553165473,2.0,0.75,1.0,0.55,19.134792825531655,0.41250000000000003,FALSE
JacksonDatabind,27,mutant-6,17.0,0.061868154807332876,0.0,1.0,0.8901098901098901,0.7857142857142857,17.061868154807332,0.6993720565149136,FALSE
JacksonDatabind,27,mutant-7,16.0,0.0,0.0,1.0,0.7864077669902912,0.7857142857142857,16.0,0.6178918169209431,FALSE
JacksonDatabind,28,mutant-1,6.0,0.5711549860648821,2.0,0.0,0.17105263157894737,0.047619047619047616,8.571154986064883,0.0,FALSE
JacksonDatabind,29,mutant-1,1.0,0.0,0.0,1.0,1.0,1.0,1.0,1.0,FALSE
JacksonDatabind,3,mutant-1,9.0,0.0,0.0,1.0,0.12295081967213115,0.01652892561983471,9.0,0.0020322449532583662,FALSE
JacksonDatabind,3,mutant-10,4.0,0.2440710539815456,2.0,0.25,0.5833333333333334,0.5689655172413793,6.244071053981545,0.08297413793103449,FALSE
JacksonDatabind,3,mutant-11,3.0,0.1339745962155613,1.0,0.75,0.8571428571428571,0.5,4.133974596215561,0.3214285714285714,FALSE
JacksonDatabind,3,mutant-12,4.0,0.06044764877647446,1.0,0.75,0.625,0.6,5.060447648776474,0.28125,FALSE
JacksonDatabind,3,mutant-13,5.0,0.041685152500090084,1.0,0.6,0.9758064516129032,0.8947368421052632,6.04168515250009,0.5238539898132427,FALSE
JacksonDatabind,3,mutant-14,9.0,0.0,0.0,1.0,0.12295081967213115,0.01652892561983471,9.0,0.0020322449532583662,FALSE
JacksonDatabind,3,mutant-15,4.0,0.2440710539815456,2.0,0.25,0.5833333333333334,0.5689655172413793,6.244071053981545,0.08297413793103449,FALSE
JacksonDatabind,3,mutant-16,4.0,0.18350341907227385,1.0,0.3333333333333333,0.6666666666666666,0.5,5.183503419072274,0.1111111111111111,FALSE
JacksonDatabind,3,mutant-2,2.0,0.0,0.0,1.0,0.8524590163934426,0.7563025210084033,2.0,0.6447169031547044,FALSE
JacksonDatabind,3,mutant-3,5.0,0.7113248654051871,3.0,0.0,1.0,1.0,8.711324865405187,0.0,FALSE
JacksonDatabind,3,mutant-4,5.0,0.055264453656340695,1.0,0.8,0.9384615384615385,0.8823529411764706,6.05526445365634,0.6624434389140272,FALSE
JacksonDatabind,3,mutant-6,15.0,0.0,0.0,1.0,0.3,0.1890909090909091,15.0,0.05672727272727272,FALSE
JacksonDatabind,3,mutant-8,1.0,0.0,1.0,0.5,1.0,0.5,2.0,0.25,FALSE
JacksonDatabind,3,mutant-9,12.0,0.2029466030139142,4.0,0.5,0.43333333333333335,0.36363636363636365,16.202946603013913,0.0787878787878788,FALSE
JacksonDatabind,34,mutant-1,1.0,0.0,0.0,1.0,1.0,1.0,1.0,1.0,TRUE
JacksonDatabind,35,mutant-1,1.0,0.0,0.0,1.0,1.0,1.0,1.0,1.0,FALSE
JacksonDatabind,35,mutant-10,1.0,0.0,0.0,1.0,1.0,1.0,1.0,1.0,FALSE
JacksonDatabind,35,mutant-11,4.0,0.0,0.0,1.0,0.5833333333333334,0.5555555555555556,4.0,0.3240740740740741,FALSE
JacksonDatabind,35,mutant-2,1.0,0.0,1.0,0.5,1.0,1.0,2.0,0.5,FALSE
JacksonDatabind,35,mutant-3,1.0,0.0,0.0,1.0,1.0,1.0,1.0,1.0,FALSE
JacksonDatabind,35,mutant-4,1.0,0.0,0.0,1.0,1.0,1.0,1.0,1.0,FALSE
JacksonDatabind,35,mutant-5,1.0,0.0,0.0,1.0,1.0,1.0,1.0,1.0,FALSE
JacksonDatabind,35,mutant-6,1.0,0.0,0.0,1.0,1.0,1.0,1.0,1.0,FALSE
JacksonDatabind,35,mutant-7,4.0,0.4836022205056778,1.0,0.0,1.0,0.034482758620689655,5.483602220505678,0.0,FALSE
JacksonDatabind,35,mutant-8,1.0,0.0,0.0,1.0,1.0,1.0,1.0,1.0,FALSE
JacksonDatabind,35,mutant-9,1.0,0.0,0.0,1.0,1.0,1.0,1.0,1.0,FALSE
JacksonDatabind,37,mutant-1,3.0,0.03923107716947727,1.0,0.6666666666666666,0.8333333333333334,0.6666666666666666,4.039231077169477,0.37037037037037035,FALSE
JacksonDatabind,37,mutant-2,2.0,0.0,0.0,1.0,1.0,0.6666666666666666,2.0,0.6666666666666666,TRUE
JacksonDatabind,41,mutant-1,1.0,0.0,0.0,1.0,1.0,1.0,1.0,1.0,FALSE
JacksonDatabind,41,mutant-2,1.0,0.0,1.0,0.6,1.0,1.0,2.0,0.6,FALSE
JacksonDatabind,41,mutant-3,1.0,0.0,1.0,0.6,1.0,1.0,2.0,0.6,FALSE
JacksonDatabind,41,mutant-4,1.0,0.0,1.0,0.6,1.0,1.0,2.0,0.6,FALSE
JacksonDatabind,41,mutant-5,1.0,0.0,1.0,0.6,1.0,1.0,2.0,0.6,FALSE
JacksonDatabind,43,mutant-1,7.0,0.0,0.0,1.0,0.6304347826086957,0.8012820512820513,7.0,0.5051560758082497,FALSE
JacksonDatabind,48,mutant-1,41.0,0.0,0.0,1.0,0.19658119658119658,0.17391304347826086,41.0,0.034188034188034185,FALSE
JacksonDatabind,48,mutant-10,13.0,0.19011483623008396,1.0,0.7142857142857143,0.6571428571428571,0.35,14.190114836230084,0.16428571428571428,FALSE
JacksonDatabind,48,mutant-11,12.0,0.0,0.0,1.0,1.0,0.7777777777777778,12.0,0.7777777777777778,FALSE
JacksonDatabind,48,mutant-12,13.0,0.19011483623008396,1.0,0.7142857142857143,0.6571428571428571,1.0,14.190114836230084,0.46938775510204084,FALSE
JacksonDatabind,48,mutant-13,5.0,0.17537887487646797,1.0,0.3333333333333333,0.7361111111111112,0.21428571428571427,6.175378874876468,0.05257936507936508,FALSE
JacksonDatabind,48,mutant-2,41.0,0.0,0.0,1.0,0.19658119658119658,0.17391304347826086,41.0,0.034188034188034185,FALSE
JacksonDatabind,48,mutant-3,16.0,0.0,0.0,1.0,0.5897435897435898,0.3181818181818182,16.0,0.18764568764568765,FALSE
JacksonDatabind,48,mutant-4,40.0,0.0,0.0,1.0,0.19658119658119658,0.17391304347826086,40.0,0.034188034188034185,FALSE
JacksonDatabind,48,mutant-5,14.0,0.27571403165985175,2.0,0.2,0.4473684210526316,0.39655172413793105,16.275714031659852,0.03548094373865699,FALSE
JacksonDatabind,48,mutant-6,1.0,0.0,0.0,1.0,1.0,1.0,1.0,1.0,FALSE
JacksonDatabind,48,mutant-7,12.0,0.15707276957647542,2.0,0.4,1.0,0.6363636363636364,14.157072769576475,0.2545454545454546,FALSE
JacksonDatabind,48,mutant-8,12.0,0.15707276957647542,2.0,0.4,1.0,0.7777777777777778,14.157072769576475,0.3111111111111111,FALSE
JacksonDatabind,48,mutant-9,13.0,0.19011483623008396,1.0,0.7142857142857143,0.6571428571428571,1.0,14.190114836230084,0.46938775510204084,FALSE
JacksonDatabind,5,mutant-1,4.0,0.08013378899220014,1.0,0.6666666666666666,0.8240740740740741,0.6578947368421053,5.0801337889922005,0.3614359974009097,FALSE
JacksonDatabind,5,mutant-2,9.0,0.17980046773527558,1.0,0.6,0.6739130434782609,0.35714285714285715,10.179800467735276,0.14440993788819875,FALSE
JacksonDatabind,5,mutant-3,4.0,0.0,0.0,1.0,0.7777777777777778,0.7528089887640449,4.0,0.5855181023720349,FALSE
JacksonDatabind,5,mutant-4,11.0,0.36086448346676236,2.0,0.5,0.7272727272727273,0.25,13.360864483466763,0.09090909090909091,FALSE
JacksonDatabind,5,mutant-5,1.0,0.0,1.0,0.6666666666666666,1.0,0.875,2.0,0.5833333333333333,FALSE
JacksonDatabind,5,mutant-6,3.0,0.5917517095361369,1.0,0.0,0.8461538461538461,1.0,4.591751709536137,0.0,FALSE
JacksonDatabind,5,mutant-7,10.0,0.13542475891895478,1.0,0.8,0.5849056603773585,1.0,11.135424758918955,0.4679245283018868,FALSE
JacksonDatabind,5,mutant-8,10.0,0.186266528793265,1.0,0.75,0.59375,0.2222222222222222,11.186266528793265,0.09895833333333333,FALSE
JacksonDatabind,51,mutant-1,6.0,0.0,0.0,1.0,0.5789473684210527,0.8,6.0,0.46315789473684216,FALSE
JacksonDatabind,53,mutant-1,16.0,0.3209819046811111,7.0,0.2222222222222222,0.16176470588235295,1.0,23.320981904681112,0.03594771241830065,FALSE
JacksonDatabind,53,mutant-2,4.0,0.4836022205056778,2.0,0.0,0.3302325581395349,0.045454545454545456,6.483602220505678,0.0,FALSE
JacksonDatabind,53,mutant-3,26.0,0.8367006838144548,12.0,0.0,0.054187192118226604,8.81057268722467E-4,38.836700683814456,0.0,FALSE
JacksonDatabind,53,mutant-4,1.0,0.0,0.0,1.0,1.0,1.0,1.0,1.0,FALSE
JacksonDatabind,53,mutant-5,26.0,0.8367006838144548,12.0,0.0,0.054187192118226604,8.81057268722467E-4,38.836700683814456,0.0,FALSE
JacksonDatabind,53,mutant-6,16.0,0.3209819046811111,7.0,0.2222222222222222,0.16176470588235295,0.023076923076923078,23.320981904681112,8.295625942684766E-4,FALSE
JacksonDatabind,54,mutant-1,3.0,0.14903705660323685,1.0,0.6666666666666666,0.6739130434782609,1.0,4.149037056603237,0.4492753623188406,FALSE
JacksonDatabind,54,mutant-2,1.0,0.0,1.0,0.3333333333333333,1.0,1.0,2.0,0.3333333333333333,FALSE
JacksonDatabind,54,mutant-3,1.0,0.0,0.0,1.0,1.0,0.43478260869565216,1.0,0.43478260869565216,FALSE
JacksonDatabind,59,mutant-1,7.0,0.24376465839535655,3.0,0.2,0.38095238095238093,0.1753846153846154,10.243764658395357,0.013362637362637365,FALSE
JacksonDatabind,59,mutant-10,1.0,0.0,0.0,1.0,1.0,1.0,1.0,1.0,FALSE
JacksonDatabind,59,mutant-11,1.0,0.0,0.0,1.0,1.0,1.0,1.0,1.0,FALSE
JacksonDatabind,59,mutant-12,16.0,0.24074339763470343,0.0,1.0,0.8102766798418972,1.0,16.240743397634702,0.8102766798418972,FALSE
JacksonDatabind,59,mutant-13,2.0,0.0,2.0,0.2,1.0,1.0,4.0,0.2,FALSE
JacksonDatabind,59,mutant-14,10.0,0.6766191666182226,2.0,0.0,0.1024390243902439,0.010471204188481676,12.676619166618222,0.0,FALSE
JacksonDatabind,59,mutant-15,4.0,0.0,0.0,1.0,0.22916666666666666,0.02857142857142857,4.0,0.006547619047619047,FALSE
JacksonDatabind,59,mutant-16,4.0,0.30689671991632794,2.0,0.25,0.5111111111111111,0.16666666666666666,6.3068967199163275,0.021296296296296292,FALSE
JacksonDatabind,59,mutant-17,7.0,0.4697121866450008,3.0,0.2,1.0,0.18045112781954886,10.469712186645001,0.03609022556390978,FALSE
JacksonDatabind,59,mutant-18,10.0,0.0,0.0,1.0,0.0821917808219178,0.022222222222222223,10.0,0.0018264840182648401,FALSE
JacksonDatabind,59,mutant-19,4.0,0.05407651375490974,1.0,0.75,0.6875,0.7333333333333333,5.05407651375491,0.378125,FALSE
JacksonDatabind,59,mutant-2,1.0,0.0,1.0,0.5,1.0,1.0,2.0,0.5,FALSE
JacksonDatabind,59,mutant-20,1.0,0.0,0.0,1.0,1.0,1.0,1.0,1.0,FALSE
JacksonDatabind,59,mutant-21,1.0,0.0,0.0,1.0,1.0,1.0,1.0,1.0,FALSE
JacksonDatabind,59,mutant-22,9.0,0.1651319815114901,3.0,0.25,0.38095238095238093,0.1753846153846154,12.16513198151149,0.0167032967032967,FALSE
JacksonDatabind,59,mutant-23,9.0,0.0,0.0,1.0,1.0,0.08695652173913043,9.0,0.08695652173913043,FALSE
JacksonDatabind,59,mutant-24,5.0,0.0,0.0,1.0,0.23076923076923078,0.2857142857142857,5.0,0.06593406593406594,FALSE
JacksonDatabind,59,mutant-25,1.0,0.0,1.0,0.5,1.0,1.0,2.0,0.5,FALSE
JacksonDatabind,59,mutant-26,1.0,0.0,1.0,0.0,1.0,1.0,2.0,0.0,FALSE
JacksonDatabind,59,mutant-27,1.0,0.0,1.0,0.3333333333333333,1.0,1.0,2.0,0.3333333333333333,FALSE
JacksonDatabind,59,mutant-28,4.0,0.49604736932103044,2.0,0.0,0.4666666666666667,0.012195121951219513,6.4960473693210306,0.0,FALSE
JacksonDatabind,59,mutant-29,1.0,0.0,1.0,0.5,1.0,0.9777777777777777,2.0,0.4888888888888889,FALSE
JacksonDatabind,59,mutant-3,2.0,0.0834848610088319,0.0,1.0,0.6610169491525424,0.6506024096385542,2.0834848610088317,0.4300592199305697,FALSE
JacksonDatabind,59,mutant-30,4.0,0.0,0.0,1.0,0.7610619469026548,1.0,4.0,0.7610619469026548,FALSE
JacksonDatabind,59,mutant-31,4.0,0.49604736932103044,2.0,0.0,0.4666666666666667,0.012195121951219513,6.4960473693210306,0.0,FALSE
JacksonDatabind,59,mutant-32,1.0,0.0,1.0,0.3333333333333333,1.0,1.0,2.0,0.3333333333333333,FALSE
JacksonDatabind,59,mutant-33,4.0,0.0,0.0,1.0,0.7868852459016393,0.5212765957446809,4.0,0.41018486222532263,FALSE
JacksonDatabind,59,mutant-34,1.0,0.0,1.0,0.3333333333333333,1.0,1.0,2.0,0.3333333333333333,FALSE
JacksonDatabind,59,mutant-35,1.0,0.0,1.0,0.0,1.0,1.0,2.0,0.0,FALSE
JacksonDatabind,59,mutant-37,3.0,0.18350341907227385,0.0,1.0,0.6296296296296297,0.4444444444444444,3.1835034190722737,0.27983539094650206,FALSE
JacksonDatabind,59,mutant-38,1.0,0.0,1.0,0.3333333333333333,1.0,1.0,2.0,0.3333333333333333,FALSE
JacksonDatabind,59,mutant-4,2.0,0.0,0.0,1.0,0.6521739130434783,1.0,2.0,0.6521739130434783,FALSE
JacksonDatabind,59,mutant-5,1.0,0.0,0.0,1.0,1.0,1.0,1.0,1.0,FALSE
JacksonDatabind,59,mutant-7,1.0,0.0,1.0,0.3333333333333333,1.0,1.0,2.0,0.3333333333333333,FALSE
JacksonDatabind,59,mutant-8,1.0,0.0,0.0,1.0,1.0,1.0,1.0,1.0,FALSE
JacksonDatabind,59,mutant-9,1.0,0.0,0.0,1.0,1.0,1.0,1.0,1.0,FALSE
JacksonDatabind,64,mutant-1,4.0,0.0,0.0,1.0,0.6911764705882353,0.5625,4.0,0.38878676470588236,FALSE
JacksonDatabind,64,mutant-2,13.0,0.0,0.0,1.0,0.13513513513513514,0.09090909090909091,13.0,0.012285012285012286,FALSE
JacksonDatabind,64,mutant-3,2.0,0.5,1.0,0.0,1.0,0.5,3.5,0.0,FALSE
JacksonDatabind,64,mutant-4,6.0,0.0,0.0,1.0,0.3191489361702128,0.1,6.0,0.03191489361702128,FALSE
JacksonDatabind,64,mutant-5,1.0,0.0,1.0,0.5,1.0,1.0,2.0,0.5,FALSE
JacksonDatabind,64,mutant-6,1.0,0.0,0.0,1.0,1.0,1.0,1.0,1.0,FALSE
JacksonDatabind,66,mutant-1,1.0,0.0,1.0,0.7142857142857143,1.0,1.0,2.0,0.7142857142857143,FALSE
JacksonDatabind,66,mutant-2,1.0,0.0,1.0,0.7142857142857143,1.0,1.0,2.0,0.7142857142857143,FALSE
JacksonDatabind,66,mutant-3,1.0,0.0,0.0,1.0,1.0,0.9649122807017544,1.0,0.9649122807017544,FALSE
JacksonDatabind,66,mutant-4,1.0,0.0,1.0,0.7142857142857143,1.0,0.9649122807017544,2.0,0.6892230576441103,FALSE
JacksonDatabind,66,mutant-5,3.0,0.004798669306589898,1.0,0.8571428571428571,0.7613636363636364,0.8333333333333334,4.00479866930659,0.5438311688311688,FALSE
JacksonDatabind,66,mutant-6,6.0,0.0,0.0,1.0,0.34328358208955223,0.06315789473684211,6.0,0.021681068342498035,FALSE
JacksonDatabind,66,mutant-7,1.0,0.0,1.0,0.7142857142857143,1.0,1.0,2.0,0.7142857142857143,FALSE
JacksonDatabind,66,mutant-8,4.0,0.4836022205056778,2.0,0.0,0.3170731707317073,0.04,6.483602220505678,0.0,FALSE
JacksonDatabind,70,mutant-1,3.0,0.42264973081037416,1.0,0.0,0.49019607843137253,1.0,4.422649730810374,0.0,FALSE
JacksonDatabind,71,mutant-1,5.0,0.0,0.0,1.0,0.29411764705882354,0.2,5.0,0.05882352941176471,FALSE
JacksonDatabind,71,mutant-2,4.0,0.0,0.0,1.0,0.3103448275862069,0.04878048780487805,4.0,0.015138772077375948,FALSE
JacksonDatabind,76,mutant-1,12.0,0.04600190799427606,1.0,0.875,0.8818565400843882,1.0,13.046001907994276,0.7716244725738397,TRUE
JacksonDatabind,80,mutant-1,21.0,0.21528598749293615,8.0,0.3,0.24528301886792453,0.12030075187969924,29.215285987492937,0.008852319477940133,FALSE
JacksonDatabind,82,mutant-1,1.0,0.0,0.0,1.0,1.0,1.0,1.0,1.0,TRUE
JacksonDatabind,83,mutant-1,5.0,0.2222222222222222,1.0,0.6,0.6585365853658537,0.4744525547445255,6.222222222222222,0.18746661919173938,TRUE
JacksonDatabind,83,mutant-2,25.0,0.26354030568134135,6.0,0.3333333333333333,0.5396825396825397,0.6482758620689655,31.263540305681342,0.11662105455208902,TRUE
JacksonDatabind,83,mutant-3,9.0,0.21462087009524955,3.0,0.25,0.4878048780487805,0.1276595744680851,12.21462087009525,0.015568240788790865,TRUE
JacksonDatabind,86,mutant-1,5.0,0.08008176687568913,3.0,0.5,0.23076923076923078,0.2857142857142857,8.08008176687569,0.03296703296703297,FALSE
JacksonDatabind,86,mutant-2,5.0,0.2602045571258922,3.0,0.2,0.5852090032154341,0.4803921568627451,8.260204557125892,0.056225963054031915,FALSE
JacksonDatabind,90,mutant-1,6.0,0.5979848738963152,3.0,0.0,0.2878787878787879,0.08695652173913043,9.597984873896316,0.0,FALSE
JacksonDatabind,90,mutant-2,1.0,0.0,0.0,1.0,1.0,1.0,1.0,1.0,FALSE
JacksonDatabind,90,mutant-3,3.0,0.0871290708247231,1.0,0.3333333333333333,1.0,0.0,4.087129070824723,0.0,FALSE
JacksonDatabind,93,mutant-1,6.0,0.018610471775930337,5.0,0.7222222222222222,0.7894736842105263,0.7536231884057971,11.01861047177593,0.4296974319857615,FALSE
JacksonDatabind,96,mutant-1,1.0,0.0,1.0,0.6,1.0,1.0,2.0,0.6,TRUE
JacksonDatabind,98,mutant-1,21.0,0.0,0.0,1.0,0.38461538461538464,0.14285714285714285,21.0,0.054945054945054944,FALSE
JacksonDatabind,98,mutant-2,9.0,0.26099130373763735,3.0,0.0,0.3333333333333333,0.2,12.260991303737637,0.0,FALSE
JacksonDatabind,98,mutant-3,5.0,0.0,0.0,1.0,0.3333333333333333,0.2,5.0,0.06666666666666667,FALSE
JacksonXml,5,mutant-2,6.0,0.12390731216646722,5.0,0.25,0.102803738317757,0.4878048780487805,11.123907312166466,0.012537041258263049,FALSE
JacksonXml,5,mutant-4,6.0,0.12390731216646722,5.0,0.25,0.102803738317757,0.4878048780487805,11.123907312166466,0.012537041258263049,FALSE
JacksonXml,5,mutant-5,4.0,0.4836022205056778,2.0,0.0,0.3170731707317073,0.05714285714285714,6.483602220505678,0.0,FALSE
JacksonXml,5,mutant-6,5.0,0.2602045571258922,3.0,0.2,0.38095238095238093,0.3125,8.260204557125892,0.02380952380952381,FALSE
JacksonXml,5,mutant-7,22.0,0.0,0.0,1.0,0.16666666666666666,0.4117647058823529,22.0,0.06862745098039215,FALSE
Jsoup,1,mutant-1,6.0,0.15229929147837185,3.0,0.4,0.5909090909090909,0.42105263157894735,9.152299291478371,0.09952153110047847,FALSE
Jsoup,1,mutant-10,2.0,0.10026458915756264,0.0,1.0,0.625,0.5454545454545454,2.100264589157563,0.3409090909090909,FALSE
Jsoup,1,mutant-11,2.0,0.08085496998194219,1.0,0.6666666666666666,0.6530612244897959,1.0,3.0808549699819423,0.4353741496598639,FALSE
Jsoup,1,mutant-12,4.0,0.06666666666666665,1.0,0.6666666666666666,0.6388888888888888,0.625,5.066666666666666,0.26620370370370366,FALSE
Jsoup,1,mutant-2,1.0,0.0,1.0,0.5,1.0,1.0,2.0,0.5,FALSE
Jsoup,1,mutant-3,4.0,0.1185910594791385,5.0,0.16666666666666666,0.25595238095238093,1.0,9.118591059479138,0.04265873015873015,FALSE
Jsoup,1,mutant-4,1.0,0.0,1.0,0.5,1.0,1.0,2.0,0.5,FALSE
Jsoup,1,mutant-5,1.0,0.0,0.0,1.0,1.0,1.0,1.0,1.0,FALSE
Jsoup,1,mutant-6,5.0,0.5381197846482995,2.0,0.0,0.30434782608695654,1.0,7.538119784648299,0.0,FALSE
Jsoup,1,mutant-7,5.0,0.6913933000758161,2.0,0.0,0.25,0.05714285714285714,7.691393300075816,0.0,FALSE
Jsoup,1,mutant-8,1.0,0.0,1.0,0.5,1.0,1.0,2.0,0.5,FALSE
Jsoup,1,mutant-9,1.0,0.0,1.0,0.5,1.0,1.0,2.0,0.5,FALSE
Jsoup,17,mutant-1,null,null,null,null,null,null,100.0,0.0,FALSE
Jsoup,17,mutant-2,null,null,null,null,null,null,100.0,0.0,FALSE
Jsoup,17,mutant-3,null,null,null,null,null,null,100.0,0.0,FALSE
Jsoup,19,mutant-1,1.0,0.0,1.0,0.6,1.0,1.0,2.0,0.6,FALSE
Jsoup,19,mutant-2,1.0,0.0,1.0,0.6,1.0,1.0,2.0,0.6,FALSE
Jsoup,24,mutant-10,null,null,null,null,null,null,100.0,0.0,FALSE
Jsoup,24,mutant-11,null,null,null,null,null,null,100.0,0.0,FALSE
Jsoup,24,mutant-12,null,null,null,null,null,null,100.0,0.0,FALSE
Jsoup,24,mutant-13,null,null,null,null,null,null,100.0,0.0,FALSE
Jsoup,24,mutant-2,null,null,null,null,null,null,100.0,0.0,FALSE
Jsoup,24,mutant-3,null,null,null,null,null,null,100.0,0.0,FALSE
Jsoup,24,mutant-4,null,null,null,null,null,null,100.0,0.0,FALSE
Jsoup,24,mutant-5,null,null,null,null,null,null,100.0,0.0,FALSE
Jsoup,24,mutant-6,null,null,null,null,null,null,100.0,0.0,FALSE
Jsoup,24,mutant-7,null,null,null,null,null,null,100.0,0.0,FALSE
Jsoup,24,mutant-8,null,null,null,null,null,null,100.0,0.0,TRUE
Jsoup,24,mutant-9,null,null,null,null,null,null,100.0,0.0,FALSE
Jsoup,26,mutant-1,3.0,0.001374571096475874,1.0,0.8333333333333334,0.7301587301587301,0.8333333333333334,4.001374571096476,0.5070546737213404,FALSE
Jsoup,26,mutant-2,3.0,0.0,0.0,1.0,0.7272727272727273,0.8333333333333334,3.0,0.6060606060606061,FALSE
Jsoup,26,mutant-3,7.0,0.0,0.0,1.0,0.7703349282296651,0.4433497536945813,7.0,0.34152780069295496,FALSE
Jsoup,26,mutant-4,3.0,0.0,0.0,1.0,0.65,0.75,3.0,0.48750000000000004,FALSE
Jsoup,26,mutant-5,1.0,0.0,0.0,1.0,1.0,1.0,1.0,1.0,FALSE
Jsoup,32,mutant-1,4.0,0.0,0.0,1.0,0.3076923076923077,0.08695652173913043,4.0,0.026755852842809364,FALSE
Jsoup,40,mutant-1,5.0,0.1416049247210478,18.0,0.047619047619047616,0.3228346456692913,0.45,23.141604924721047,0.006917885264341957,TRUE
Jsoup,41,mutant-1,4.0,0.0,0.0,1.0,0.46938775510204084,1.0,4.0,0.46938775510204084,FALSE
Jsoup,41,mutant-2,4.0,0.6464466094067263,1.0,0.0,0.46938775510204084,0.14285714285714285,5.646446609406726,0.0,FALSE
Jsoup,41,mutant-3,4.0,0.25721864729179256,0.0,1.0,0.765625,0.48,4.257218647291793,0.3675,FALSE
Jsoup,41,mutant-4,6.0,0.23623738417402662,1.0,0.5,1.0,1.0,7.236237384174027,0.5,FALSE
Jsoup,41,mutant-5,5.0,0.0,0.0,1.0,0.5444444444444444,0.2857142857142857,5.0,0.15555555555555553,FALSE
Jsoup,41,mutant-6,5.0,0.0,0.0,1.0,1.0,0.75,5.0,0.75,FALSE
Jsoup,44,mutant-1,null,null,null,null,null,null,100.0,0.0,FALSE
Jsoup,44,mutant-2,null,null,null,null,null,null,100.0,0.0,FALSE
Jsoup,44,mutant-3,15.0,0.0,0.0,1.0,0.5135135135135135,1.0,15.0,0.5135135135135135,FALSE
Jsoup,44,mutant-4,null,null,null,null,null,null,100.0,0.0,FALSE
Jsoup,44,mutant-5,null,null,null,null,null,null,100.0,0.0,FALSE
Jsoup,44,mutant-6,null,null,null,null,null,null,100.0,0.0,FALSE
Jsoup,45,mutant-1,1.0,0.0,0.0,1.0,1.0,1.0,1.0,1.0,FALSE
Jsoup,45,mutant-10,12.0,0.3249472594443856,6.0,0.14285714285714285,0.18664047151277013,0.046153846153846156,18.324947259444386,0.001230596515468814,FALSE
Jsoup,45,mutant-11,7.0,0.0056670523160214925,0.0,1.0,0.9040852575488455,0.9090909090909091,7.005667052316022,0.8218956886807686,FALSE
Jsoup,45,mutant-12,1.0,0.0,0.0,1.0,1.0,1.0,1.0,1.0,FALSE
Jsoup,45,mutant-13,1.0,0.0,0.0,1.0,1.0,1.0,1.0,1.0,FALSE
Jsoup,45,mutant-15,1.0,0.0,0.0,1.0,1.0,1.0,1.0,1.0,FALSE
Jsoup,45,mutant-16,1.0,0.0,0.0,1.0,1.0,1.0,1.0,1.0,FALSE
Jsoup,45,mutant-2,1.0,0.0,1.0,0.3333333333333333,1.0,1.0,2.0,0.3333333333333333,FALSE
Jsoup,45,mutant-3,2.0,0.0,0.0,1.0,1.0,0.13333333333333333,2.0,0.13333333333333333,FALSE
Jsoup,45,mutant-4,1.0,0.0,0.0,1.0,1.0,1.0,1.0,1.0,FALSE
Jsoup,45,mutant-5,5.0,0.5381197846482995,3.0,0.0,0.313953488372093,0.0425531914893617,8.538119784648298,0.0,FALSE
Jsoup,45,mutant-6,5.0,0.0,0.0,1.0,0.3116883116883117,0.04878048780487805,5.0,0.015204307887234716,FALSE
Jsoup,45,mutant-7,2.0,0.0,0.0,1.0,0.7350427350427351,0.6617647058823529,2.0,0.4864253393665159,FALSE
Jsoup,45,mutant-8,5.0,0.0,0.0,1.0,0.3185840707964602,0.03076923076923077,5.0,0.009802586793737236,FALSE
Jsoup,45,mutant-9,2.0,0.0715233091147407,0.0,1.0,0.738562091503268,0.6847826086956522,2.071523309114741,0.5057544757033249,FALSE
Jsoup,46,mutant-1,1.0,0.0,0.0,1.0,1.0,1.0,1.0,1.0,FALSE
Jsoup,51,mutant-1,15.0,0.11264349058388612,6.0,0.25,0.1937984496124031,0.2,21.112643490583885,0.009689922480620157,FALSE
Jsoup,51,mutant-2,5.0,0.0,0.0,1.0,0.7209302325581395,0.75,5.0,0.5406976744186046,FALSE
Jsoup,57,mutant-1,5.0,0.0,0.0,1.0,0.6875,0.25,5.0,0.171875,FALSE
Jsoup,61,mutant-1,6.0,0.11696780318699918,1.0,0.6666666666666666,0.7911392405063291,0.7111111111111111,7.116967803186999,0.3750586029067042,TRUE
Jsoup,64,mutant-1,null,null,null,null,null,null,100.0,0.0,FALSE
Jsoup,66,mutant-2,5.0,0.026876319798096238,2.0,0.5714285714285714,1.0,0.8888888888888888,7.026876319798096,0.5079365079365079,FALSE
Jsoup,66,mutant-3,9.0,0.10811741498415528,0.0,1.0,0.8181818181818182,0.6372549019607843,9.108117414984156,0.5213903743315508,FALSE
Jsoup,66,mutant-4,8.0,0.0,0.0,1.0,0.9281767955801105,0.6470588235294118,8.0,0.6005849853753656,FALSE
Jsoup,66,mutant-5,13.0,0.7239737762630583,6.0,0.0,0.07777777777777778,1.0,19.72397377626306,0.0,FALSE
Jsoup,66,mutant-6,10.0,0.45566894604818264,2.0,0.25,0.9591836734693877,0.13333333333333333,12.455668946048183,0.03197278911564626,FALSE
Jsoup,66,mutant-7,13.0,0.0,0.0,1.0,0.07777777777777778,0.015151515151515152,13.0,0.0011784511784511786,FALSE
Jsoup,66,mutant-8,3.0,0.06666666666666665,1.0,0.6666666666666666,0.4375,0.3888888888888889,4.066666666666666,0.11342592592592592,FALSE
Jsoup,67,mutant-1,1.0,0.0,1.0,0.5,1.0,1.0,2.0,0.5,FALSE
Jsoup,68,mutant-1,2.0,0.12168993434632014,2.0,0.3333333333333333,1.0,0.8571428571428571,4.12168993434632,0.2857142857142857,TRUE
Jsoup,68,mutant-2,4.0,0.0,0.0,1.0,1.0,0.024096385542168676,4.0,0.024096385542168676,TRUE
Jsoup,68,mutant-3,null,null,null,null,null,null,100.0,0.0,FALSE
Jsoup,68,mutant-4,null,null,null,null,null,null,100.0,0.0,FALSE
Jsoup,72,mutant-1,19.0,0.0,0.0,1.0,0.706766917293233,0.36363636363636365,19.0,0.25700615174299385,FALSE
Jsoup,72,mutant-2,1.0,0.0,1.0,0.0,1.0,1.0,2.0,0.0,FALSE
Jsoup,75,mutant-1,null,null,null,null,null,null,100.0,0.0,FALSE
Jsoup,77,mutant-1,3.0,0.0,0.0,1.0,0.7142857142857143,0.8,3.0,0.5714285714285715,TRUE
Jsoup,80,mutant-1,1.0,0.0,1.0,0.8,1.0,1.0,2.0,0.8,FALSE
Jsoup,80,mutant-2,3.0,0.007496220522628438,1.0,0.8333333333333334,0.7419354838709677,0.8,4.007496220522628,0.4946236559139785,FALSE
Jsoup,85,mutant-1,7.0,0.0,0.0,1.0,0.5925925925925926,0.2,7.0,0.11851851851851852,FALSE
Jsoup,90,mutant-1,1.0,0.0,1.0,0.3333333333333333,1.0,0.8070175438596491,2.0,0.26900584795321636,FALSE
Jsoup,90,mutant-10,2.0,0.0,1.0,0.5,1.0,1.0,3.0,0.5,FALSE
Jsoup,90,mutant-11,2.0,0.0,2.0,0.2,1.0,1.0,4.0,0.2,FALSE
Jsoup,90,mutant-12,2.0,0.0,1.0,0.5,1.0,1.0,3.0,0.5,FALSE
Jsoup,90,mutant-13,7.0,0.6039409828093303,3.0,0.0,0.18604651162790697,0.015151515151515152,10.60394098280933,0.0,FALSE
Jsoup,90,mutant-15,7.0,0.6039409828093303,3.0,0.0,0.17391304347826086,0.021739130434782608,10.60394098280933,0.0,FALSE
Jsoup,90,mutant-16,5.0,0.07017543859649122,1.0,0.6,1.0,0.8367346938775511,6.0701754385964914,0.5020408163265306,FALSE
Jsoup,90,mutant-17,2.0,0.0,2.0,0.2,1.0,1.0,4.0,0.2,FALSE
Jsoup,90,mutant-18,4.0,0.49604736932103044,2.0,0.0,0.5555555555555556,0.23529411764705882,6.4960473693210306,0.0,FALSE
Jsoup,90,mutant-19,2.0,0.0,2.0,0.2,1.0,1.0,4.0,0.2,FALSE
Jsoup,90,mutant-2,3.0,0.006600732201217152,1.0,0.75,1.0,0.75,4.006600732201218,0.5625,FALSE
Jsoup,90,mutant-3,1.0,0.0,1.0,0.5,1.0,1.0,2.0,0.5,FALSE
Jsoup,90,mutant-4,1.0,0.0,0.0,1.0,1.0,1.0,1.0,1.0,FALSE
Jsoup,90,mutant-5,1.0,0.0,0.0,1.0,1.0,1.0,1.0,1.0,FALSE
Jsoup,90,mutant-6,1.0,0.0,1.0,0.3333333333333333,1.0,0.3148148148148148,2.0,0.10493827160493827,FALSE
Jsoup,90,mutant-7,1.0,0.0,1.0,0.3333333333333333,1.0,1.0,2.0,0.3333333333333333,FALSE
Jsoup,90,mutant-8,3.0,0.515456288147651,8.0,0.1111111111111111,0.07874015748031496,0.0,11.51545628814765,0.0,FALSE
Jsoup,90,mutant-9,1.0,0.0,1.0,0.5,1.0,1.0,2.0,0.5,FALSE
JxPath,1,mutant-1,15.0,0.0,0.0,1.0,0.7391304347826086,0.26666666666666666,15.0,0.1971014492753623,FALSE
JxPath,1,mutant-2,15.0,0.2065308651987855,5.0,0.25,0.7391304347826086,0.26666666666666666,20.206530865198786,0.049275362318840575,FALSE
JxPath,1,mutant-3,3.0,0.11468435923463771,1.0,0.75,0.8421052631578947,0.5,4.114684359234637,0.3157894736842105,FALSE
JxPath,1,mutant-4,2.0,0.0,0.0,1.0,0.7083333333333334,0.5333333333333333,2.0,0.37777777777777777,FALSE
JxPath,10,mutant-1,5.0,0.5381197846482995,3.0,0.0,0.27586206896551724,0.08695652173913043,8.538119784648298,0.0,FALSE
JxPath,10,mutant-2,1.0,0.0,1.0,0.8,1.0,1.0,2.0,0.8,TRUE
JxPath,10,mutant-3,5.0,0.5381197846482995,3.0,0.0,0.27586206896551724,0.08695652173913043,8.538119784648298,0.0,FALSE
JxPath,10,mutant-4,4.0,0.4836022205056778,2.0,0.0,0.32558139534883723,0.028169014084507043,6.483602220505678,0.0,FALSE
JxPath,12,mutant-1,7.0,0.0,0.0,1.0,0.4482758620689655,0.3333333333333333,7.0,0.14942528735632182,FALSE
JxPath,13,mutant-1,4.0,0.05554986223847158,1.0,0.75,1.0,0.5964912280701754,5.055549862238472,0.4473684210526315,FALSE
JxPath,13,mutant-2,1.0,0.0,1.0,0.6,1.0,1.0,2.0,0.6,FALSE
JxPath,20,mutant-2,1.0,0.0,1.0,0.3333333333333333,1.0,1.0,2.0,0.3333333333333333,FALSE
JxPath,20,mutant-4,2.0,0.045478595781576425,0.0,1.0,0.7083333333333334,0.6,2.045478595781576,0.425,FALSE
JxPath,20,mutant-5,3.0,0.0,0.0,1.0,0.8421052631578947,0.5714285714285714,3.0,0.48120300751879697,FALSE
JxPath,20,mutant-6,5.0,0.5381197846482995,2.0,0.0,0.32608695652173914,1.0,7.538119784648299,0.0,FALSE
JxPath,21,mutant-1,1.0,0.0,1.0,0.0,1.0,1.0,2.0,0.0,FALSE
JxPath,21,mutant-2,5.0,0.22848325018954052,2.0,0.3333333333333333,1.0,0.2,7.228483250189541,0.06666666666666667,FALSE
JxPath,22,mutant-1,10.0,0.3575074337967644,3.0,0.4,0.2692307692307692,0.36752136752136755,13.357507433796764,0.03957922419460882,FALSE
JxPath,22,mutant-10,24.0,0.11229946524064172,11.0,0.15,0.6776859504132231,0.5692307692307692,35.11229946524064,0.05786395422759059,FALSE
JxPath,22,mutant-11,1.0,0.0,0.0,1.0,1.0,1.0,1.0,1.0,FALSE
JxPath,22,mutant-12,7.0,0.0,0.0,1.0,1.0,0.9047619047619048,7.0,0.9047619047619048,FALSE
JxPath,22,mutant-13,1.0,0.0,0.0,1.0,1.0,1.0,1.0,1.0,FALSE
JxPath,22,mutant-14,1.0,0.0,0.0,1.0,1.0,1.0,1.0,1.0,FALSE
JxPath,22,mutant-15,1.0,0.0,1.0,0.3333333333333333,1.0,0.5454545454545454,2.0,0.1818181818181818,FALSE
JxPath,22,mutant-16,4.0,0.6570028297149824,2.0,0.0,0.5238095238095238,0.15217391304347827,6.657002829714982,0.0,FALSE
JxPath,22,mutant-17,6.0,0.5711549860648821,2.0,0.0,0.16666666666666666,0.024390243902439025,8.571154986064883,0.0,FALSE
JxPath,22,mutant-18,4.0,0.4836022205056778,2.0,0.0,0.3103448275862069,0.03389830508474576,6.483602220505678,0.0,FALSE
JxPath,22,mutant-19,4.0,0.4836022205056778,2.0,0.0,0.32432432432432434,0.05714285714285714,6.483602220505678,0.0,FALSE
JxPath,22,mutant-2,9.0,0.0,0.0,1.0,0.40540540540540543,0.225,9.0,0.09121621621621623,FALSE
JxPath,22,mutant-20,7.0,0.7418011102528389,2.0,0.0,0.32075471698113206,1.0,9.741801110252839,0.0,FALSE
JxPath,22,mutant-21,6.0,0.07608684375522234,3.0,0.5714285714285714,0.4233128834355828,0.3508771929824561,9.076086843755222,0.08487476359610682,FALSE
JxPath,22,mutant-22,1.0,0.0,0.0,1.0,1.0,1.0,1.0,1.0,FALSE
JxPath,22,mutant-3,6.0,0.5137354609161353,2.0,0.0,1.0,0.13953488372093023,8.513735460916134,0.0,FALSE
JxPath,22,mutant-4,1.0,0.0,0.0,1.0,1.0,1.0,1.0,1.0,FALSE
JxPath,22,mutant-5,2.0,0.13793103448275867,1.0,0.6666666666666666,0.7878787878787878,0.7272727272727273,3.137931034482759,0.3820018365472911,FALSE
JxPath,22,mutant-6,13.0,0.11512058278453385,4.0,0.2857142857142857,0.40540540540540543,0.16666666666666666,17.115120582784535,0.019305019305019305,FALSE
JxPath,22,mutant-7,8.0,0.0,0.0,1.0,1.0,0.9047619047619048,8.0,0.9047619047619048,FALSE
JxPath,22,mutant-8,8.0,0.06458565330651467,1.0,0.75,1.0,0.9047619047619048,9.064585653306514,0.6785714285714286,FALSE
JxPath,22,mutant-9,1.0,0.0,0.0,1.0,1.0,1.0,1.0,1.0,FALSE
JxPath,6,mutant-1,12.0,0.17427717615522953,3.0,0.25,0.4174757281553398,0.3979591836734694,15.174277176155229,0.04153457499504656,FALSE
JxPath,6,mutant-2,7.0,0.12418868781828662,3.0,0.2,1.0,0.8484848484848485,10.124188687818286,0.1696969696969697,FALSE
